# vsim -voptargs="+acc" axi_str_top -c -do "run -all;exit" "+UVM_TESTNAME=axi_str_mas_base_test" -l axi_stream.log -sv_seed 32 
# Start time: 17:08:20 on Oct 13,2025
# ** Note: (vsim-3812) Design is being optimized...
# ** Warning: (vopt-10587) Some optimizations are turned off because the +acc switch is in effect. This will cause your simulation to run slowly. Please use -access/-debug to maintain needed visibility.
# ** Warning: ../TEST/axi_str_mas_user_callback.sv(23): (vopt-2973) Type definition for 'axi_str_mas_driver' forward declared in ../TEST/axi_str_mas_user_callback.sv(18) found via package import at ../ENV/MASTER_AGENT/axi_str_mas_driver.sv(21).
# ** Note: (vsim-12126) Error and warning message counts have been restored: Errors=0, Warnings=2.
# //  Questa Sim-64
# //  Version 2023.4 linux_x86_64 Oct  9 2023
# //
# //  Copyright 1991-2023 Mentor Graphics Corporation
# //  All Rights Reserved.
# //
# //  QuestaSim and its associated documentation contain trade
# //  secrets and commercial or financial information that are the property of
# //  Mentor Graphics Corporation and are privileged, confidential,
# //  and exempt from disclosure under the Freedom of Information Act,
# //  5 U.S.C. Section 552. Furthermore, this information
# //  is prohibited from disclosure under the Trade Secrets Act,
# //  18 U.S.C. Section 1905.
# //
# Loading sv_std.std
# Loading work.axi_str_slv_inf(fast)
# Loading work.axi_str_mas_inf(fast)
# Loading mtiUvm.uvm_pkg(fast)
# Loading work.axi_str_slv_pkg(fast)
# Loading work.axi_str_mas_pkg(fast)
# Loading work.axi_str_env_pkg(fast)
# Loading work.axi_str_pkg(fast)
# Loading work.axi_str_top_sv_unit(fast)
# Loading mtiUvm.questa_uvm_pkg(fast)
# Loading work.axi_str_top(fast)
# Loading work.axi_str_env_pkg_sv_unit(fast)
# Loading work.axi_str_mas_inf(fast__2)
# Loading work.axi_str_slv_inf(fast__2)
# Loading work.axi_str_slv_inf(fast__3)
# Loading /tools/mentor/questa/2023.4/questasim/uvm-1.1d/linux_x86_64/uvm_dpi.so
# ** Warning: (vsim-PLI-3003) [TOFD] - System task or function '$sformtf' is not defined.
#    Time: 0 ps  Iteration: 0  Region: /axi_str_slv_pkg::axi_str_slv_uvc #(32, 32)::build_phase/#anonblk#122849175#48#2# File: ../ENV/SLAVE_AGENT/axi_str_slv_uvc.sv Line: 53
# run -all
# ----------------------------------------------------------------
# UVM-1.1d
# (C) 2007-2013 Mentor Graphics Corporation
# (C) 2007-2013 Cadence Design Systems, Inc.
# (C) 2006-2013 Synopsys, Inc.
# (C) 2011-2013 Cypress Semiconductor Corp.
# ----------------------------------------------------------------
# 
#   ***********       IMPORTANT RELEASE NOTES         ************
# 
#   You are using a version of the UVM library that has been compiled
#   with `UVM_NO_DEPRECATED undefined.
#   See http://www.eda.org/svdb/view.php?id=3313 for more details.
# 
#   You are using a version of the UVM library that has been compiled
#   with `UVM_OBJECT_MUST_HAVE_CONSTRUCTOR undefined.
#   See http://www.eda.org/svdb/view.php?id=3770 for more details.
# 
#       (Specify +UVM_NO_RELNOTES to turn off this notice)
# 
# UVM_INFO verilog_src/questa_uvm_pkg-1.2/src/questa_uvm_pkg.sv(277) @ 0: reporter [Questa UVM] QUESTA_UVM-1.2.3
# UVM_INFO verilog_src/questa_uvm_pkg-1.2/src/questa_uvm_pkg.sv(278) @ 0: reporter [Questa UVM]  questa_uvm::init(+struct)
# UVM_INFO @ 0: reporter [RNTST] Running test axi_str_mas_base_test...
# axi_mas_agent DATA_SIZE=32 | USER_SIZE=32
# axi_mas_agent DATA_SIZE=32 | USER_SIZE=32
# axi_mas_agent DATA_SIZE=32 | USER_SIZE=32
# ** Error (suppressible): (vsim-12023) Cannot execute undefined system task/function '$sformtf'
#    Time: 0 ps  Iteration: 7  Process: /uvm_pkg::uvm_phase::m_run_phases/#FORK#1847_7fefec268c2 File: ../ENV/SLAVE_AGENT/axi_str_slv_uvc.sv Line: 53
# ** Error (suppressible): (vsim-12023) Cannot execute undefined system task/function '$sformtf'
#    Time: 0 ps  Iteration: 7  Process: /uvm_pkg::uvm_phase::m_run_phases/#FORK#1847_7fefec268c2 File: ../ENV/SLAVE_AGENT/axi_str_slv_uvc.sv Line: 53
# ** Error (suppressible): (vsim-12023) Cannot execute undefined system task/function '$sformtf'
#    Time: 0 ps  Iteration: 7  Process: /uvm_pkg::uvm_phase::m_run_phases/#FORK#1847_7fefec268c2 File: ../ENV/SLAVE_AGENT/axi_str_slv_uvc.sv Line: 53
# UVM_INFO @ 0: reporter [UVMTOP] UVM testbench topology:
# --------------------------------------------------------------------
# Name                             Type                    Size  Value
# --------------------------------------------------------------------
# uvm_test_top                     axi_str_mas_base_test   -     @515 
#   master_uvc                     uvm_agent               -     @522 
#     master_agent[0]              uvm_agent               -     @554 
#       master_drv                 uvm_driver #(REQ,RSP)   -     @583 
#         rsp_port                 uvm_analysis_port       -     @598 
#         seq_item_port            uvm_seq_item_pull_port  -     @590 
#         packet_count             integral                8     'd1  
#       master_mon                 uvm_monitor             -     @715 
#         continuous_data_port     uvm_analysis_port       -     @730 
#         item_collected_port      uvm_analysis_port       -     @722 
#       master_seqr                uvm_sequencer           -     @606 
#         rsp_export               uvm_analysis_export     -     @613 
#         seq_item_export          uvm_seq_item_pull_imp   -     @707 
#         arbitration_queue        array                   0     -    
#         lock_queue               array                   0     -    
#         num_last_reqs            integral                32    'd1  
#         num_last_rsps            integral                32    'd1  
#     master_agent[1]              uvm_agent               -     @565 
#       master_drv                 uvm_driver #(REQ,RSP)   -     @748 
#         rsp_port                 uvm_analysis_port       -     @763 
#         seq_item_port            uvm_seq_item_pull_port  -     @755 
#         packet_count             integral                8     'd1  
#       master_mon                 uvm_monitor             -     @880 
#         continuous_data_port     uvm_analysis_port       -     @895 
#         item_collected_port      uvm_analysis_port       -     @887 
#       master_seqr                uvm_sequencer           -     @771 
#         rsp_export               uvm_analysis_export     -     @778 
#         seq_item_export          uvm_seq_item_pull_imp   -     @872 
#         arbitration_queue        array                   0     -    
#         lock_queue               array                   0     -    
#         num_last_reqs            integral                32    'd1  
#         num_last_rsps            integral                32    'd1  
#     master_agent[2]              uvm_agent               -     @574 
#       master_drv                 uvm_driver #(REQ,RSP)   -     @913 
#         rsp_port                 uvm_analysis_port       -     @928 
#         seq_item_port            uvm_seq_item_pull_port  -     @920 
#         packet_count             integral                8     'd1  
#       master_mon                 uvm_monitor             -     @1045
#         continuous_data_port     uvm_analysis_port       -     @1060
#         item_collected_port      uvm_analysis_port       -     @1052
#       master_seqr                uvm_sequencer           -     @936 
#         rsp_export               uvm_analysis_export     -     @943 
#         seq_item_export          uvm_seq_item_pull_imp   -     @1037
#         arbitration_queue        array                   0     -    
#         lock_queue               array                   0     -    
#         num_last_reqs            integral                32    'd1  
#         num_last_rsps            integral                32    'd1  
#   slave_uvc                      axi_str_slv_uvc         -     @538 
#     slave_agent[0]               uvm_agent               -     @1079
#       slave_drv                  uvm_driver #(REQ,RSP)   -     @1107
#         rsp_port                 uvm_analysis_port       -     @1122
#         seq_item_port            uvm_seq_item_pull_port  -     @1114
#         packet_count             integral                8     'd1  
#       slave_mon                  uvm_monitor             -     @1130
#         item_collected_port      uvm_analysis_port       -     @1137
#         item_sample_1_data_port  uvm_analysis_port       -     @1145
#     slave_agent[1]               uvm_agent               -     @1090
#       slave_drv                  uvm_driver #(REQ,RSP)   -     @1158
#         rsp_port                 uvm_analysis_port       -     @1173
#         seq_item_port            uvm_seq_item_pull_port  -     @1165
#         packet_count             integral                8     'd1  
#       slave_mon                  uvm_monitor             -     @1181
#         item_collected_port      uvm_analysis_port       -     @1188
#         item_sample_1_data_port  uvm_analysis_port       -     @1196
#     slave_agent[2]               uvm_agent               -     @1098
#       slave_drv                  uvm_driver #(REQ,RSP)   -     @1209
#         rsp_port                 uvm_analysis_port       -     @1224
#         seq_item_port            uvm_seq_item_pull_port  -     @1216
#         packet_count             integral                8     'd1  
#       slave_mon                  uvm_monitor             -     @1232
#         item_collected_port      uvm_analysis_port       -     @1239
#         item_sample_1_data_port  uvm_analysis_port       -     @1247
# --------------------------------------------------------------------
# 
# UVM_INFO verilog_src/questa_uvm_pkg-1.2/src/questa_uvm_pkg.sv(339) @ 0: reporter [Questa UVM] End Of Elaboration
#                    0 : raise objection
# UVM_INFO verilog_src/uvm-1.1d/src/seq/uvm_sequencer_base.svh(1384) @ 0: uvm_test_top.master_uvc.master_agent[2].master_seqr [PHASESEQ] No default phase sequence for phase 'run'
# UVM_INFO verilog_src/uvm-1.1d/src/seq/uvm_sequencer_base.svh(1384) @ 0: uvm_test_top.master_uvc.master_agent[1].master_seqr [PHASESEQ] No default phase sequence for phase 'run'
# UVM_INFO verilog_src/uvm-1.1d/src/seq/uvm_sequencer_base.svh(1384) @ 0: uvm_test_top.master_uvc.master_agent[0].master_seqr [PHASESEQ] No default phase sequence for phase 'run'
# UVM_INFO verilog_src/uvm-1.1d/src/seq/uvm_sequencer_base.svh(1384) @ 0: uvm_test_top.master_uvc.master_agent[2].master_seqr [PHASESEQ] No default phase sequence for phase 'pre_reset'
# UVM_INFO verilog_src/uvm-1.1d/src/seq/uvm_sequencer_base.svh(1384) @ 0: uvm_test_top.master_uvc.master_agent[1].master_seqr [PHASESEQ] No default phase sequence for phase 'pre_reset'
# UVM_INFO verilog_src/uvm-1.1d/src/seq/uvm_sequencer_base.svh(1384) @ 0: uvm_test_top.master_uvc.master_agent[0].master_seqr [PHASESEQ] No default phase sequence for phase 'pre_reset'
# UVM_INFO ../ENV/MASTER_AGENT/axi_str_mas_driver.sv(58) @ 0: uvm_test_top.master_uvc.master_agent[0].master_drv [uvm_test_top.master_uvc.master_agent[0].master_drv] req_data_in_driver : ----------------------------------------------------------------------------------------------------------------------
# Name                           Type               Size  Value                                                         
# ----------------------------------------------------------------------------------------------------------------------
# req                            uvm_sequence_item  -     @1281                                                         
#   pkt_start_time_ps            real               64    0.000000                                                      
#   pkt_end_time_ps              real               64    0.000000                                                      
#   total_bytes                  integral           32    'd18                                                          
#   no_of_bytes                  integral           32    'd4                                                           
#   pkt_len                      integral           32    'd5                                                           
#   pkt_num                      integral           32    'h0                                                           
#   tdata_q                      da(integral)       5     -                                                             
#     [0]                        integral           32    'h4f92b5a8                                                    
#     [1]                        integral           32    'h64411354                                                    
#     [2]                        integral           32    'h7ced8ff8                                                    
#     [3]                        integral           32    'hc4099e29                                                    
#     [4]                        integral           32    'h99932f86                                                    
#   tkeep_q                      da(integral)       5     -                                                             
#     [0]                        integral           4     'hf                                                           
#     [1]                        integral           4     'hf                                                           
#     [2]                        integral           4     'hf                                                           
#     [3]                        integral           4     'hf                                                           
#     [4]                        integral           4     'h3                                                           
#   tuser                        integral           32    'haf7c895                                                     
#   begin_time                   time               64    0                                                             
#   depth                        int                32    'd2                                                           
#   parent sequence (name)       string             10    master_seq                                                    
#   parent sequence (full name)  string             62    uvm_test_top.master_uvc.master_agent[0].master_seqr.master_seq
#   sequencer                    string             51    uvm_test_top.master_uvc.master_agent[0].master_seqr           
# ----------------------------------------------------------------------------------------------------------------------
# 
# UVM_INFO ../ENV/MASTER_AGENT/axi_str_mas_driver.sv(125) @ 0: uvm_test_top.master_uvc.master_agent[0].master_drv [AXI_str_driver]  : n_cycle_dly=0
# UVM_INFO ../ENV/MASTER_AGENT/axi_str_mas_driver.sv(129) @ 0: uvm_test_top.master_uvc.master_agent[0].master_drv [AXI_str_driver]  : n_cycle_dly=1
# UVM_INFO verilog_src/uvm-1.1d/src/base/uvm_phase.svh(1215) @ 0: reporter [PH_READY_TO_END] Phase 'uvm.uvm_sched.pre_reset' (id=172) PHASE READY TO END
# UVM_INFO verilog_src/uvm-1.1d/src/seq/uvm_sequencer_base.svh(1384) @ 0: uvm_test_top.master_uvc.master_agent[2].master_seqr [PHASESEQ] No default phase sequence for phase 'reset'
# UVM_INFO verilog_src/uvm-1.1d/src/seq/uvm_sequencer_base.svh(1384) @ 0: uvm_test_top.master_uvc.master_agent[1].master_seqr [PHASESEQ] No default phase sequence for phase 'reset'
# UVM_INFO verilog_src/uvm-1.1d/src/seq/uvm_sequencer_base.svh(1384) @ 0: uvm_test_top.master_uvc.master_agent[0].master_seqr [PHASESEQ] No default phase sequence for phase 'reset'
# UVM_INFO verilog_src/uvm-1.1d/src/base/uvm_phase.svh(1215) @ 0: reporter [PH_READY_TO_END] Phase 'uvm.uvm_sched.reset' (id=184) PHASE READY TO END
# UVM_INFO verilog_src/uvm-1.1d/src/seq/uvm_sequencer_base.svh(1384) @ 0: uvm_test_top.master_uvc.master_agent[2].master_seqr [PHASESEQ] No default phase sequence for phase 'post_reset'
# UVM_INFO verilog_src/uvm-1.1d/src/seq/uvm_sequencer_base.svh(1384) @ 0: uvm_test_top.master_uvc.master_agent[1].master_seqr [PHASESEQ] No default phase sequence for phase 'post_reset'
# UVM_INFO verilog_src/uvm-1.1d/src/seq/uvm_sequencer_base.svh(1384) @ 0: uvm_test_top.master_uvc.master_agent[0].master_seqr [PHASESEQ] No default phase sequence for phase 'post_reset'
# UVM_INFO verilog_src/uvm-1.1d/src/base/uvm_phase.svh(1215) @ 0: reporter [PH_READY_TO_END] Phase 'uvm.uvm_sched.post_reset' (id=196) PHASE READY TO END
# UVM_INFO verilog_src/uvm-1.1d/src/seq/uvm_sequencer_base.svh(1384) @ 0: uvm_test_top.master_uvc.master_agent[2].master_seqr [PHASESEQ] No default phase sequence for phase 'pre_configure'
# UVM_INFO verilog_src/uvm-1.1d/src/seq/uvm_sequencer_base.svh(1384) @ 0: uvm_test_top.master_uvc.master_agent[1].master_seqr [PHASESEQ] No default phase sequence for phase 'pre_configure'
# UVM_INFO verilog_src/uvm-1.1d/src/seq/uvm_sequencer_base.svh(1384) @ 0: uvm_test_top.master_uvc.master_agent[0].master_seqr [PHASESEQ] No default phase sequence for phase 'pre_configure'
# UVM_INFO verilog_src/uvm-1.1d/src/base/uvm_phase.svh(1215) @ 0: reporter [PH_READY_TO_END] Phase 'uvm.uvm_sched.pre_configure' (id=208) PHASE READY TO END
# UVM_INFO verilog_src/uvm-1.1d/src/seq/uvm_sequencer_base.svh(1384) @ 0: uvm_test_top.master_uvc.master_agent[2].master_seqr [PHASESEQ] No default phase sequence for phase 'configure'
# UVM_INFO verilog_src/uvm-1.1d/src/seq/uvm_sequencer_base.svh(1384) @ 0: uvm_test_top.master_uvc.master_agent[1].master_seqr [PHASESEQ] No default phase sequence for phase 'configure'
# UVM_INFO verilog_src/uvm-1.1d/src/seq/uvm_sequencer_base.svh(1384) @ 0: uvm_test_top.master_uvc.master_agent[0].master_seqr [PHASESEQ] No default phase sequence for phase 'configure'
# UVM_INFO verilog_src/uvm-1.1d/src/base/uvm_phase.svh(1215) @ 0: reporter [PH_READY_TO_END] Phase 'uvm.uvm_sched.configure' (id=220) PHASE READY TO END
# UVM_INFO verilog_src/uvm-1.1d/src/seq/uvm_sequencer_base.svh(1384) @ 0: uvm_test_top.master_uvc.master_agent[2].master_seqr [PHASESEQ] No default phase sequence for phase 'post_configure'
# UVM_INFO verilog_src/uvm-1.1d/src/seq/uvm_sequencer_base.svh(1384) @ 0: uvm_test_top.master_uvc.master_agent[1].master_seqr [PHASESEQ] No default phase sequence for phase 'post_configure'
# UVM_INFO verilog_src/uvm-1.1d/src/seq/uvm_sequencer_base.svh(1384) @ 0: uvm_test_top.master_uvc.master_agent[0].master_seqr [PHASESEQ] No default phase sequence for phase 'post_configure'
# UVM_INFO verilog_src/uvm-1.1d/src/base/uvm_phase.svh(1215) @ 0: reporter [PH_READY_TO_END] Phase 'uvm.uvm_sched.post_configure' (id=232) PHASE READY TO END
# UVM_INFO verilog_src/uvm-1.1d/src/seq/uvm_sequencer_base.svh(1384) @ 0: uvm_test_top.master_uvc.master_agent[2].master_seqr [PHASESEQ] No default phase sequence for phase 'pre_main'
# UVM_INFO verilog_src/uvm-1.1d/src/seq/uvm_sequencer_base.svh(1384) @ 0: uvm_test_top.master_uvc.master_agent[1].master_seqr [PHASESEQ] No default phase sequence for phase 'pre_main'
# UVM_INFO verilog_src/uvm-1.1d/src/seq/uvm_sequencer_base.svh(1384) @ 0: uvm_test_top.master_uvc.master_agent[0].master_seqr [PHASESEQ] No default phase sequence for phase 'pre_main'
# UVM_INFO verilog_src/uvm-1.1d/src/base/uvm_phase.svh(1215) @ 0: reporter [PH_READY_TO_END] Phase 'uvm.uvm_sched.pre_main' (id=244) PHASE READY TO END
# UVM_INFO verilog_src/uvm-1.1d/src/seq/uvm_sequencer_base.svh(1384) @ 0: uvm_test_top.master_uvc.master_agent[2].master_seqr [PHASESEQ] No default phase sequence for phase 'main'
# UVM_INFO verilog_src/uvm-1.1d/src/seq/uvm_sequencer_base.svh(1384) @ 0: uvm_test_top.master_uvc.master_agent[1].master_seqr [PHASESEQ] No default phase sequence for phase 'main'
# UVM_INFO verilog_src/uvm-1.1d/src/seq/uvm_sequencer_base.svh(1384) @ 0: uvm_test_top.master_uvc.master_agent[0].master_seqr [PHASESEQ] No default phase sequence for phase 'main'
# UVM_INFO verilog_src/uvm-1.1d/src/base/uvm_phase.svh(1215) @ 0: reporter [PH_READY_TO_END] Phase 'uvm.uvm_sched.main' (id=256) PHASE READY TO END
# UVM_INFO verilog_src/uvm-1.1d/src/seq/uvm_sequencer_base.svh(1384) @ 0: uvm_test_top.master_uvc.master_agent[2].master_seqr [PHASESEQ] No default phase sequence for phase 'post_main'
# UVM_INFO verilog_src/uvm-1.1d/src/seq/uvm_sequencer_base.svh(1384) @ 0: uvm_test_top.master_uvc.master_agent[1].master_seqr [PHASESEQ] No default phase sequence for phase 'post_main'
# UVM_INFO verilog_src/uvm-1.1d/src/seq/uvm_sequencer_base.svh(1384) @ 0: uvm_test_top.master_uvc.master_agent[0].master_seqr [PHASESEQ] No default phase sequence for phase 'post_main'
# UVM_INFO verilog_src/uvm-1.1d/src/base/uvm_phase.svh(1215) @ 0: reporter [PH_READY_TO_END] Phase 'uvm.uvm_sched.post_main' (id=268) PHASE READY TO END
# UVM_INFO verilog_src/uvm-1.1d/src/seq/uvm_sequencer_base.svh(1384) @ 0: uvm_test_top.master_uvc.master_agent[2].master_seqr [PHASESEQ] No default phase sequence for phase 'pre_shutdown'
# UVM_INFO verilog_src/uvm-1.1d/src/seq/uvm_sequencer_base.svh(1384) @ 0: uvm_test_top.master_uvc.master_agent[1].master_seqr [PHASESEQ] No default phase sequence for phase 'pre_shutdown'
# UVM_INFO verilog_src/uvm-1.1d/src/seq/uvm_sequencer_base.svh(1384) @ 0: uvm_test_top.master_uvc.master_agent[0].master_seqr [PHASESEQ] No default phase sequence for phase 'pre_shutdown'
# UVM_INFO verilog_src/uvm-1.1d/src/base/uvm_phase.svh(1215) @ 0: reporter [PH_READY_TO_END] Phase 'uvm.uvm_sched.pre_shutdown' (id=280) PHASE READY TO END
# UVM_INFO verilog_src/uvm-1.1d/src/seq/uvm_sequencer_base.svh(1384) @ 0: uvm_test_top.master_uvc.master_agent[2].master_seqr [PHASESEQ] No default phase sequence for phase 'shutdown'
# UVM_INFO verilog_src/uvm-1.1d/src/seq/uvm_sequencer_base.svh(1384) @ 0: uvm_test_top.master_uvc.master_agent[1].master_seqr [PHASESEQ] No default phase sequence for phase 'shutdown'
# UVM_INFO verilog_src/uvm-1.1d/src/seq/uvm_sequencer_base.svh(1384) @ 0: uvm_test_top.master_uvc.master_agent[0].master_seqr [PHASESEQ] No default phase sequence for phase 'shutdown'
# UVM_INFO verilog_src/uvm-1.1d/src/base/uvm_phase.svh(1215) @ 0: reporter [PH_READY_TO_END] Phase 'uvm.uvm_sched.shutdown' (id=292) PHASE READY TO END
# UVM_INFO verilog_src/uvm-1.1d/src/seq/uvm_sequencer_base.svh(1384) @ 0: uvm_test_top.master_uvc.master_agent[2].master_seqr [PHASESEQ] No default phase sequence for phase 'post_shutdown'
# UVM_INFO verilog_src/uvm-1.1d/src/seq/uvm_sequencer_base.svh(1384) @ 0: uvm_test_top.master_uvc.master_agent[1].master_seqr [PHASESEQ] No default phase sequence for phase 'post_shutdown'
# UVM_INFO verilog_src/uvm-1.1d/src/seq/uvm_sequencer_base.svh(1384) @ 0: uvm_test_top.master_uvc.master_agent[0].master_seqr [PHASESEQ] No default phase sequence for phase 'post_shutdown'
# ** Warning: (vsim-PLI-3070) $sformatf : Too many arguments.
#    Time: 5 ns  Iteration: 4  Process: /axi_str_mas_pkg::axi_str_mas_driver #(32, 32)::run_phase/#FORK#56_7fefec265bf File: ../ENV/MASTER_AGENT/axi_str_mas_driver.sv Line: 138
# UVM_INFO ../ENV/MASTER_AGENT/axi_str_mas_driver.sv(138) @ 5000: uvm_test_top.master_uvc.master_agent[0].master_drv [tdata_q_axi_str]  : DEBUG : [0]vif.tdata_q : 4f92b5a8
# UVM_INFO ../ENV/SLAVE_AGENT/axi_str_slv_driver.sv(104) @ 15000: uvm_test_top.slave_uvc.slave_agent[0].slave_drv [AXI_str_slv_driver]  : pkt size in  slave i = 1
# UVM_INFO ../ENV/SLAVE_AGENT/axi_str_slv_driver.sv(104) @ 15000: uvm_test_top.slave_uvc.slave_agent[1].slave_drv [AXI_str_slv_driver]  : pkt size in  slave i = 1
# UVM_INFO ../ENV/SLAVE_AGENT/axi_str_slv_driver.sv(104) @ 15000: uvm_test_top.slave_uvc.slave_agent[2].slave_drv [AXI_str_slv_driver]  : pkt size in  slave i = 1
# UVM_INFO ../ENV/SLAVE_AGENT/axi_str_slv_driver.sv(104) @ 25000: uvm_test_top.slave_uvc.slave_agent[2].slave_drv [AXI_str_slv_driver]  : pkt size in  slave i = 2
# UVM_INFO ../ENV/SLAVE_AGENT/axi_str_slv_driver.sv(104) @ 25000: uvm_test_top.slave_uvc.slave_agent[1].slave_drv [AXI_str_slv_driver]  : pkt size in  slave i = 2
# UVM_INFO ../ENV/SLAVE_AGENT/axi_str_slv_driver.sv(104) @ 25000: uvm_test_top.slave_uvc.slave_agent[0].slave_drv [AXI_str_slv_driver]  : pkt size in  slave i = 2
# UVM_INFO ../ENV/SLAVE_AGENT/axi_str_slv_monitor.sv(118) @ 25000: uvm_test_top.slave_uvc.slave_agent[2].slave_mon [SLV_COLLECT_PKT_TIME]  : pkt_start_time_ps =25000.000000, pkt_start_time_prev_ps = 0.000000, pkt_start_time_diff_ps = 25000.000000
# UVM_INFO ../ENV/SLAVE_AGENT/axi_str_slv_monitor.sv(92) @ 25000: uvm_test_top.slave_uvc.slave_agent[2].slave_mon [AXI_str_slv_mon]  : data : 1335014824
# UVM_INFO ../ENV/SLAVE_AGENT/axi_str_slv_monitor.sv(118) @ 25000: uvm_test_top.slave_uvc.slave_agent[1].slave_mon [SLV_COLLECT_PKT_TIME]  : pkt_start_time_ps =25000.000000, pkt_start_time_prev_ps = 0.000000, pkt_start_time_diff_ps = 25000.000000
# UVM_INFO ../ENV/SLAVE_AGENT/axi_str_slv_monitor.sv(92) @ 25000: uvm_test_top.slave_uvc.slave_agent[1].slave_mon [AXI_str_slv_mon]  : data : 1335014824
# UVM_INFO ../ENV/SLAVE_AGENT/axi_str_slv_monitor.sv(118) @ 25000: uvm_test_top.slave_uvc.slave_agent[0].slave_mon [SLV_COLLECT_PKT_TIME]  : pkt_start_time_ps =25000.000000, pkt_start_time_prev_ps = 0.000000, pkt_start_time_diff_ps = 25000.000000
# UVM_INFO ../ENV/SLAVE_AGENT/axi_str_slv_monitor.sv(92) @ 25000: uvm_test_top.slave_uvc.slave_agent[0].slave_mon [AXI_str_slv_mon]  : data : 1335014824
# UVM_INFO ../ENV/MASTER_AGENT/axi_str_mas_driver.sv(125) @ 25000: uvm_test_top.master_uvc.master_agent[0].master_drv [AXI_str_driver]  : n_cycle_dly=0
# UVM_INFO ../ENV/MASTER_AGENT/axi_str_mas_driver.sv(129) @ 25000: uvm_test_top.master_uvc.master_agent[0].master_drv [AXI_str_driver]  : n_cycle_dly=0
# ** Warning: (vsim-PLI-3070) $sformatf : Too many arguments.
#    Time: 25 ns  Iteration: 2  Process: /axi_str_mas_pkg::axi_str_mas_driver #(32, 32)::run_phase/#FORK#56_7fefec265bf File: ../ENV/MASTER_AGENT/axi_str_mas_driver.sv Line: 138
# UVM_INFO ../ENV/MASTER_AGENT/axi_str_mas_driver.sv(138) @ 25000: uvm_test_top.master_uvc.master_agent[0].master_drv [tdata_q_axi_str]  : DEBUG : [1]vif.tdata_q : 64411354
# UVM_INFO ../ENV/MASTER_AGENT/axi_str_mas_monitor.sv(122) @ 25000: uvm_test_top.master_uvc.master_agent[0].master_mon [COLLECT_PKT_TIME]  : pkt_start_time_ps =25000.000000, pkt_start_time_prev_ps = 0.000000, pkt_start_time_diff_ps = 25000.000000
# UVM_INFO ../ENV/MASTER_AGENT/axi_str_mas_monitor.sv(95) @ 25000: uvm_test_top.master_uvc.master_agent[0].master_mon [AXI_str_mon]  : data : 1335014824
# UVM_INFO ../ENV/MASTER_AGENT/axi_str_mas_monitor.sv(122) @ 25000: uvm_test_top.master_uvc.master_agent[1].master_mon [COLLECT_PKT_TIME]  : pkt_start_time_ps =25000.000000, pkt_start_time_prev_ps = 0.000000, pkt_start_time_diff_ps = 25000.000000
# UVM_INFO ../ENV/MASTER_AGENT/axi_str_mas_monitor.sv(95) @ 25000: uvm_test_top.master_uvc.master_agent[1].master_mon [AXI_str_mon]  : data : 1335014824
# UVM_INFO ../ENV/MASTER_AGENT/axi_str_mas_monitor.sv(122) @ 25000: uvm_test_top.master_uvc.master_agent[2].master_mon [COLLECT_PKT_TIME]  : pkt_start_time_ps =25000.000000, pkt_start_time_prev_ps = 0.000000, pkt_start_time_diff_ps = 25000.000000
# UVM_INFO ../ENV/MASTER_AGENT/axi_str_mas_monitor.sv(95) @ 25000: uvm_test_top.master_uvc.master_agent[2].master_mon [AXI_str_mon]  : data : 1335014824
# UVM_INFO ../ENV/SLAVE_AGENT/axi_str_slv_driver.sv(104) @ 35000: uvm_test_top.slave_uvc.slave_agent[0].slave_drv [AXI_str_slv_driver]  : pkt size in  slave i = 3
# UVM_INFO ../ENV/SLAVE_AGENT/axi_str_slv_driver.sv(104) @ 35000: uvm_test_top.slave_uvc.slave_agent[1].slave_drv [AXI_str_slv_driver]  : pkt size in  slave i = 3
# UVM_INFO ../ENV/SLAVE_AGENT/axi_str_slv_driver.sv(104) @ 35000: uvm_test_top.slave_uvc.slave_agent[2].slave_drv [AXI_str_slv_driver]  : pkt size in  slave i = 3
# UVM_INFO ../ENV/SLAVE_AGENT/axi_str_slv_monitor.sv(92) @ 35000: uvm_test_top.slave_uvc.slave_agent[0].slave_mon [AXI_str_slv_mon]  : data : 1335014824 1681986388
# UVM_INFO ../ENV/SLAVE_AGENT/axi_str_slv_monitor.sv(92) @ 35000: uvm_test_top.slave_uvc.slave_agent[1].slave_mon [AXI_str_slv_mon]  : data : 1335014824 1681986388
# UVM_INFO ../ENV/SLAVE_AGENT/axi_str_slv_monitor.sv(92) @ 35000: uvm_test_top.slave_uvc.slave_agent[2].slave_mon [AXI_str_slv_mon]  : data : 1335014824 1681986388
# UVM_INFO ../ENV/MASTER_AGENT/axi_str_mas_driver.sv(125) @ 35000: uvm_test_top.master_uvc.master_agent[0].master_drv [AXI_str_driver]  : n_cycle_dly=0
# UVM_INFO ../ENV/MASTER_AGENT/axi_str_mas_driver.sv(129) @ 35000: uvm_test_top.master_uvc.master_agent[0].master_drv [AXI_str_driver]  : n_cycle_dly=0
# ** Warning: (vsim-PLI-3070) $sformatf : Too many arguments.
#    Time: 35 ns  Iteration: 2  Process: /axi_str_mas_pkg::axi_str_mas_driver #(32, 32)::run_phase/#FORK#56_7fefec265bf File: ../ENV/MASTER_AGENT/axi_str_mas_driver.sv Line: 138
# UVM_INFO ../ENV/MASTER_AGENT/axi_str_mas_driver.sv(138) @ 35000: uvm_test_top.master_uvc.master_agent[0].master_drv [tdata_q_axi_str] # : DEBUG : [2]vif.tdata_q : 7ced8ff8
# UVM_INFO ../ENV/MASTER_AGENT/axi_str_mas_monitor.sv(95) @ 35000: uvm_test_top.master_uvc.master_agent[2].master_mon [AXI_str_mon]  : data : 1335014824 1681986388
# UVM_INFO ../ENV/MASTER_AGENT/axi_str_mas_monitor.sv(95) @ 35000: uvm_test_top.master_uvc.master_agent[1].master_mon [AXI_str_mon]  : data : 1335014824 1681986388
# UVM_INFO ../ENV/MASTER_AGENT/axi_str_mas_monitor.sv(95) @ 35000: uvm_test_top.master_uvc.master_agent[0].master_mon [AXI_str_mon]  : data : 1335014824 1681986388
# UVM_INFO ../ENV/SLAVE_AGENT/axi_str_slv_driver.sv(104) @ 45000: uvm_test_top.slave_uvc.slave_agent[2].slave_drv [AXI_str_slv_driver]  : pkt size in  slave i = 4
# UVM_INFO ../ENV/SLAVE_AGENT/axi_str_slv_driver.sv(104) @ 45000: uvm_test_top.slave_uvc.slave_agent[1].slave_drv [AXI_str_slv_driver]  : pkt size in  slave i = 4
# UVM_INFO ../ENV/SLAVE_AGENT/axi_str_slv_driver.sv(104) @ 45000: uvm_test_top.slave_uvc.slave_agent[0].slave_drv [AXI_str_slv_driver]  : pkt size in  slave i = 4
# UVM_INFO ../ENV/SLAVE_AGENT/axi_str_slv_monitor.sv(92) @ 45000: uvm_test_top.slave_uvc.slave_agent[2].slave_mon [AXI_str_slv_mon]  : data : 1335014824 1681986388 2095943672
# UVM_INFO ../ENV/SLAVE_AGENT/axi_str_slv_monitor.sv(92) @ 45000: uvm_test_top.slave_uvc.slave_agent[1].slave_mon [AXI_str_slv_mon]  : data : 1335014824 1681986388 2095943672
# UVM_INFO ../ENV/SLAVE_AGENT/axi_str_slv_monitor.sv(92) @ 45000: uvm_test_top.slave_uvc.slave_agent[0].slave_mon [AXI_str_slv_mon]  : data : 1335014824 1681986388 2095943672
# UVM_INFO ../ENV/MASTER_AGENT/axi_str_mas_driver.sv(125) @ 45000: uvm_test_top.master_uvc.master_agent[0].master_drv [AXI_str_driver]  : n_cycle_dly=0
# UVM_INFO ../ENV/MASTER_AGENT/axi_str_mas_driver.sv(129) @ 45000: uvm_test_top.master_uvc.master_agent[0].master_drv [AXI_str_driver]  : n_cycle_dly=0
# ** Warning: (vsim-PLI-3070) $sformatf : Too many arguments.
#    Time: 45 ns  Iteration: 2  Process: /axi_str_mas_pkg::axi_str_mas_driver #(32, 32)::run_phase/#FORK#56_7fefec265bf File: ../ENV/MASTER_AGENT/axi_str_mas_driver.sv Line: 138
# UVM_INFO ../ENV/MASTER_AGENT/axi_str_mas_driver.sv(138) @ 45000: uvm_test_top.master_uvc.master_agent[0].master_drv [tdata_q_axi_str] - : DEBUG : [3]vif.tdata_q : c4099e29
# UVM_INFO ../ENV/MASTER_AGENT/axi_str_mas_monitor.sv(95) @ 45000: uvm_test_top.master_uvc.master_agent[0].master_mon [AXI_str_mon]  : data : 1335014824 1681986388 2095943672
# UVM_INFO ../ENV/MASTER_AGENT/axi_str_mas_monitor.sv(95) @ 45000: uvm_test_top.master_uvc.master_agent[1].master_mon [AXI_str_mon]  : data : 1335014824 1681986388 2095943672
# UVM_INFO ../ENV/MASTER_AGENT/axi_str_mas_monitor.sv(95) @ 45000: uvm_test_top.master_uvc.master_agent[2].master_mon [AXI_str_mon]  : data : 1335014824 1681986388 2095943672
# UVM_INFO ../ENV/SLAVE_AGENT/axi_str_slv_driver.sv(104) @ 55000: uvm_test_top.slave_uvc.slave_agent[0].slave_drv [AXI_str_slv_driver]  : pkt size in  slave i = 5
# UVM_INFO ../ENV/SLAVE_AGENT/axi_str_slv_driver.sv(104) @ 55000: uvm_test_top.slave_uvc.slave_agent[1].slave_drv [AXI_str_slv_driver]  : pkt size in  slave i = 5
# UVM_INFO ../ENV/SLAVE_AGENT/axi_str_slv_driver.sv(104) @ 55000: uvm_test_top.slave_uvc.slave_agent[2].slave_drv [AXI_str_slv_driver]  : pkt size in  slave i = 5
# UVM_INFO ../ENV/SLAVE_AGENT/axi_str_slv_monitor.sv(92) @ 55000: uvm_test_top.slave_uvc.slave_agent[0].slave_mon [AXI_str_slv_mon]  : data : 1335014824 1681986388 2095943672 3288964649
# UVM_INFO ../ENV/SLAVE_AGENT/axi_str_slv_monitor.sv(92) @ 55000: uvm_test_top.slave_uvc.slave_agent[1].slave_mon [AXI_str_slv_mon]  : data : 1335014824 1681986388 2095943672 3288964649
# UVM_INFO ../ENV/SLAVE_AGENT/axi_str_slv_monitor.sv(92) @ 55000: uvm_test_top.slave_uvc.slave_agent[2].slave_mon [AXI_str_slv_mon]  : data : 1335014824 1681986388 2095943672 3288964649
# UVM_INFO ../ENV/MASTER_AGENT/axi_str_mas_driver.sv(125) @ 55000: uvm_test_top.master_uvc.master_agent[0].master_drv [AXI_str_driver]  : n_cycle_dly=0
# UVM_INFO ../ENV/MASTER_AGENT/axi_str_mas_driver.sv(129) @ 55000: uvm_test_top.master_uvc.master_agent[0].master_drv [AXI_str_driver]  : n_cycle_dly=0
# ** Warning: (vsim-PLI-3070) $sformatf : Too many arguments.
#    Time: 55 ns  Iteration: 2  Process: /axi_str_mas_pkg::axi_str_mas_driver #(32, 32)::run_phase/#FORK#56_7fefec265bf File: ../ENV/MASTER_AGENT/axi_str_mas_driver.sv Line: 138
# UVM_INFO ../ENV/MASTER_AGENT/axi_str_mas_driver.sv(138) @ 55000: uvm_test_top.master_uvc.master_agent[0].master_drv [tdata_q_axi_str] 7 : DEBUG : [4]vif.tdata_q : 99932f86
# UVM_INFO ../ENV/MASTER_AGENT/axi_str_mas_monitor.sv(95) @ 55000: uvm_test_top.master_uvc.master_agent[2].master_mon [AXI_str_mon]  : data : 1335014824 1681986388 2095943672 3288964649
# UVM_INFO ../ENV/MASTER_AGENT/axi_str_mas_monitor.sv(95) @ 55000: uvm_test_top.master_uvc.master_agent[1].master_mon [AXI_str_mon]  : data : 1335014824 1681986388 2095943672 3288964649
# UVM_INFO ../ENV/MASTER_AGENT/axi_str_mas_monitor.sv(95) @ 55000: uvm_test_top.master_uvc.master_agent[0].master_mon [AXI_str_mon]  : data : 1335014824 1681986388 2095943672 3288964649
# UVM_INFO ../ENV/SLAVE_AGENT/axi_str_slv_driver.sv(104) @ 65000: uvm_test_top.slave_uvc.slave_agent[2].slave_drv [AXI_str_slv_driver]  : pkt size in  slave i = 6
# UVM_INFO ../ENV/SLAVE_AGENT/axi_str_slv_driver.sv(106) @ 65000: uvm_test_top.slave_uvc.slave_agent[2].slave_drv [AXI_str_slv_driver]  : TLAST is asserted
# UVM_INFO ../ENV/SLAVE_AGENT/axi_str_slv_driver.sv(104) @ 65000: uvm_test_top.slave_uvc.slave_agent[1].slave_drv [AXI_str_slv_driver]  : pkt size in  slave i = 6
# UVM_INFO ../ENV/SLAVE_AGENT/axi_str_slv_driver.sv(106) @ 65000: uvm_test_top.slave_uvc.slave_agent[1].slave_drv [AXI_str_slv_driver]  : TLAST is asserted
# UVM_INFO ../ENV/SLAVE_AGENT/axi_str_slv_driver.sv(104) @ 65000: uvm_test_top.slave_uvc.slave_agent[0].slave_drv [AXI_str_slv_driver]  : pkt size in  slave i = 6
# UVM_INFO ../ENV/SLAVE_AGENT/axi_str_slv_driver.sv(106) @ 65000: uvm_test_top.slave_uvc.slave_agent[0].slave_drv [AXI_str_slv_driver]  : TLAST is asserted
# UVM_INFO ../ENV/SLAVE_AGENT/axi_str_slv_monitor.sv(92) @ 65000: uvm_test_top.slave_uvc.slave_agent[2].slave_mon [AXI_str_slv_mon]  : data : 1335014824 1681986388 2095943672 3288964649 2576560006
# UVM_INFO ../ENV/SLAVE_AGENT/axi_str_slv_monitor.sv(128) @ 65000: uvm_test_top.slave_uvc.slave_agent[2].slave_mon [SLV_COLLECT_PKT_TIME]  : pkt_end_time_ps =65000.000000, pkt_end_time_prev_ps = 0.000000, pkt_end_time_diff_ps = 65000.000000
# UVM_INFO ../ENV/SLAVE_AGENT/axi_str_slv_monitor.sv(103) @ 65000: uvm_test_top.slave_uvc.slave_agent[2].slave_mon [COLLECT_PKT] data monitoring is : ----------------------------------------------------------
# Name                 Type               Size  Value       
# ----------------------------------------------------------
# sampled_pkt_q[0]     uvm_sequence_item  -     @1369       
#   pkt_start_time_ps  real               64    25000.000000
#   pkt_end_time_ps    real               64    65000.000000
#   pkt_len            integral           32    'd5         
#   tdata_q            da(integral)       5     -           
#     [0]              integral           32    'h4f92b5a8  
#     [1]              integral           32    'h64411354  
#     [2]              integral           32    'h7ced8ff8  
#     [3]              integral           32    'hc4099e29  
#     [4]              integral           32    'h99932f86  
#   tkeep_q            da(integral)       5     -           
#     [0]              integral           4     'hf         
#     [1]              integral           4     'hf         
#     [2]              integral           4     'hf         
#     [3]              integral           4     'hf         
#     [4]              integral           4     'h3         
#   tuser              integral           32    'haf7c895   
# ----------------------------------------------------------
# 
# UVM_INFO ../ENV/SLAVE_AGENT/axi_str_slv_monitor.sv(92) @ 65000: uvm_test_top.slave_uvc.slave_agent[1].slave_mon [AXI_str_slv_mon]  : data : 1335014824 1681986388 2095943672 3288964649 2576560006
# UVM_INFO ../ENV/SLAVE_AGENT/axi_str_slv_monitor.sv(128) @ 65000: uvm_test_top.slave_uvc.slave_agent[1].slave_mon [SLV_COLLECT_PKT_TIME]  : pkt_end_time_ps =65000.000000, pkt_end_time_prev_ps = 0.000000, pkt_end_time_diff_ps = 65000.000000
# UVM_INFO ../ENV/SLAVE_AGENT/axi_str_slv_monitor.sv(103) @ 65000: uvm_test_top.slave_uvc.slave_agent[1].slave_mon [COLLECT_PKT] data monitoring is : ----------------------------------------------------------
# Name                 Type               Size  Value       
# ----------------------------------------------------------
# sampled_pkt_q[0]     uvm_sequence_item  -     @1373       
#   pkt_start_time_ps  real               64    25000.000000
#   pkt_end_time_ps    real               64    65000.000000
#   pkt_len            integral           32    'd5         
#   tdata_q            da(integral)       5     -           
#     [0]              integral           32    'h4f92b5a8  
#     [1]              integral           32    'h64411354  
#     [2]              integral           32    'h7ced8ff8  
#     [3]              integral           32    'hc4099e29  
#     [4]              integral           32    'h99932f86  
#   tkeep_q            da(integral)       5     -           
#     [0]              integral           4     'hf         
#     [1]              integral           4     'hf         
#     [2]              integral           4     'hf         
#     [3]              integral           4     'hf         
#     [4]              integral           4     'h3         
#   tuser              integral           32    'haf7c895   
# ----------------------------------------------------------
# 
# UVM_INFO ../ENV/SLAVE_AGENT/axi_str_slv_monitor.sv(92) @ 65000: uvm_test_top.slave_uvc.slave_agent[0].slave_mon [AXI_str_slv_mon]  : data : 1335014824 1681986388 2095943672 3288964649 2576560006
# UVM_INFO ../ENV/SLAVE_AGENT/axi_str_slv_monitor.sv(128) @ 65000: uvm_test_top.slave_uvc.slave_agent[0].slave_mon [SLV_COLLECT_PKT_TIME]  : pkt_end_time_ps =65000.000000, pkt_end_time_prev_ps = 0.000000, pkt_end_time_diff_ps = 65000.000000
# UVM_INFO ../ENV/SLAVE_AGENT/axi_str_slv_monitor.sv(103) @ 65000: uvm_test_top.slave_uvc.slave_agent[0].slave_mon [COLLECT_PKT] data monitoring is : ----------------------------------------------------------
# Name                 Type               Size  Value       
# ----------------------------------------------------------
# sampled_pkt_q[0]     uvm_sequence_item  -     @1377       
#   pkt_start_time_ps  real               64    25000.000000
#   pkt_end_time_ps    real               64    65000.000000
#   pkt_len            integral           32    'd5         
#   tdata_q            da(integral)       5     -           
#     [0]              integral           32    'h4f92b5a8  
#     [1]              integral           32    'h64411354  
#     [2]              integral           32    'h7ced8ff8  
#     [3]              integral           32    'hc4099e29  
#     [4]              integral           32    'h99932f86  
#   tkeep_q            da(integral)       5     -           
#     [0]              integral           4     'hf         
#     [1]              integral           4     'hf         
#     [2]              integral           4     'hf         
#     [3]              integral           4     'hf         
#     [4]              integral           4     'h3         
#   tuser              integral           32    'haf7c895   
# ----------------------------------------------------------
# 
# UVM_INFO ../ENV/MASTER_AGENT/axi_str_mas_monitor.sv(95) @ 65000: uvm_test_top.master_uvc.master_agent[0].master_mon [AXI_str_mon]  : data : 1335014824 1681986388 2095943672 3288964649 2576560006
# UVM_INFO ../ENV/MASTER_AGENT/axi_str_mas_monitor.sv(133) @ 65000: uvm_test_top.master_uvc.master_agent[0].master_mon [COLLECT_PKT_TIME]  : pkt_end_time_ps =65000.000000, pkt_end_time_prev_ps = 0.000000, pkt_end_time_diff_ps = 65000.000000
# UVM_INFO ../ENV/MASTER_AGENT/axi_str_mas_monitor.sv(109) @ 65000: uvm_test_top.master_uvc.master_agent[0].master_mon [COLLECT_PKT] data monitoring is : ----------------------------------------------------------
# Name                 Type               Size  Value       
# ----------------------------------------------------------
# sampled_pkt_q[0]     uvm_sequence_item  -     @1357       
#   pkt_start_time_ps  real               64    25000.000000
#   pkt_end_time_ps    real               64    65000.000000
#   total_bytes        integral           32    'd0         
#   no_of_bytes        integral           32    'd0         
#   pkt_len            integral           32    'd5         
#   pkt_num            integral           32    'h1         
#   tdata_q            da(integral)       5     -           
#     [0]              integral           32    'h4f92b5a8  
#     [1]              integral           32    'h64411354  
#     [2]              integral           32    'h7ced8ff8  
#     [3]              integral           32    'hc4099e29  
#     [4]              integral           32    'h99932f86  
#   tkeep_q            da(integral)       5     -           
#     [0]              integral           4     'hf         
#     [1]              integral           4     'hf         
#     [2]              integral           4     'hf         
#     [3]              integral           4     'hf         
#     [4]              integral           4     'h3         
#   tuser              integral           32    'haf7c895   
# ----------------------------------------------------------
# 
# UVM_INFO ../ENV/MASTER_AGENT/axi_str_mas_monitor.sv(95) @ 65000: uvm_test_top.master_uvc.master_agent[1].master_mon [AXI_str_mon]  : data : 1335014824 1681986388 2095943672 3288964649 2576560006
# UVM_INFO ../ENV/MASTER_AGENT/axi_str_mas_monitor.sv(133) @ 65000: uvm_test_top.master_uvc.master_agent[1].master_mon [COLLECT_PKT_TIME]  : pkt_end_time_ps =65000.000000, pkt_end_time_prev_ps = 0.000000, pkt_end_time_diff_ps = 65000.000000
# UVM_INFO ../ENV/MASTER_AGENT/axi_str_mas_monitor.sv(109) @ 65000: uvm_test_top.master_uvc.master_agent[1].master_mon [COLLECT_PKT] data monitoring is : ----------------------------------------------------------
# Name                 Type               Size  Value       
# ----------------------------------------------------------
# sampled_pkt_q[0]     uvm_sequence_item  -     @1361       
#   pkt_start_time_ps  real               64    25000.000000
#   pkt_end_time_ps    real               64    65000.000000
#   total_bytes        integral           32    'd0         
#   no_of_bytes        integral           32    'd0         
#   pkt_len            integral           32    'd5         
#   pkt_num            integral           32    'h1         
#   tdata_q            da(integral)       5     -           
#     [0]              integral           32    'h4f92b5a8  
#     [1]              integral           32    'h64411354  
#     [2]              integral           32    'h7ced8ff8  
#     [3]              integral           32    'hc4099e29  
#     [4]              integral           32    'h99932f86  
#   tkeep_q            da(integral)       5     -           
#     [0]              integral           4     'hf         
#     [1]              integral           4     'hf         
#     [2]              integral           4     'hf         
#     [3]              integral           4     'hf         
#     [4]              integral           4     'h3         
#   tuser              integral           32    'haf7c895   
# ----------------------------------------------------------
# 
# UVM_INFO ../ENV/MASTER_AGENT/axi_str_mas_monitor.sv(95) @ 65000: uvm_test_top.master_uvc.master_agent[2].master_mon [AXI_str_mon]  : data : 1335014824 1681986388 2095943672 3288964649 2576560006
# UVM_INFO ../ENV/MASTER_AGENT/axi_str_mas_monitor.sv(133) @ 65000: uvm_test_top.master_uvc.master_agent[2].master_mon [COLLECT_PKT_TIME]  : pkt_end_time_ps =65000.000000, pkt_end_time_prev_ps = 0.000000, pkt_end_time_diff_ps = 65000.000000
# UVM_INFO ../ENV/MASTER_AGENT/axi_str_mas_monitor.sv(109) @ 65000: uvm_test_top.master_uvc.master_agent[2].master_mon [COLLECT_PKT] data monitoring is : ----------------------------------------------------------
# Name                 Type               Size  Value       
# ----------------------------------------------------------
# sampled_pkt_q[0]     uvm_sequence_item  -     @1365       
#   pkt_start_time_ps  real               64    25000.000000
#   pkt_end_time_ps    real               64    65000.000000
#   total_bytes        integral           32    'd0         
#   no_of_bytes        integral           32    'd0         
#   pkt_len            integral           32    'd5         
#   pkt_num            integral           32    'h1         
#   tdata_q            da(integral)       5     -           
#     [0]              integral           32    'h4f92b5a8  
#     [1]              integral           32    'h64411354  
#     [2]              integral           32    'h7ced8ff8  
#     [3]              integral           32    'hc4099e29  
#     [4]              integral           32    'h99932f86  
#   tkeep_q            da(integral)       5     -           
#     [0]              integral           4     'hf         
#     [1]              integral           4     'hf         
#     [2]              integral           4     'hf         
#     [3]              integral           4     'hf         
#     [4]              integral           4     'h3         
#   tuser              integral           32    'haf7c895   
# ----------------------------------------------------------
# 
# UVM_INFO ../ENV/MASTER_AGENT/axi_str_mas_driver.sv(58) @ 65000: uvm_test_top.master_uvc.master_agent[0].master_drv [uvm_test_top.master_uvc.master_agent[0].master_drv] req_data_in_driver : ----------------------------------------------------------------------------------------------------------------------
# Name                           Type               Size  Value                                                         
# ----------------------------------------------------------------------------------------------------------------------
# req                            uvm_sequence_item  -     @1406                                                         
#   pkt_start_time_ps            real               64    0.000000                                                      
#   pkt_end_time_ps              real               64    0.000000                                                      
#   total_bytes                  integral           32    'd33                                                          
#   no_of_bytes                  integral           32    'd4                                                           
#   pkt_len                      integral           32    'd9                                                           
#   pkt_num                      integral           32    'h0                                                           
#   tdata_q                      da(integral)       9     -                                                             
#     [0]                        integral           32    'h24d8a375                                                    
#     [1]                        integral           32    'h99f8b5d8                                                    
#     [2]                        integral           32    'h314797d9                                                    
#     [3]                        integral           32    'hb91d289                                                     
#     [4]                        integral           32    'ha20a5918                                                    
#     [5]                        integral           32    'hf5fa9a29                                                    
#     [6]                        integral           32    'hb114b297                                                    
#     [7]                        integral           32    'h43b307ab                                                    
#     [8]                        integral           32    'hf2f28c0b                                                    
#   tkeep_q                      da(integral)       9     -                                                             
#     [0]                        integral           4     'hf                                                           
#     [1]                        integral           4     'hf                                                           
#     [2]                        integral           4     'hf                                                           
#     [3]                        integral           4     'hf                                                           
#     [4]                        integral           4     'hf                                                           
#     [5]                        integral           4     'hf                                                           
#     [6]                        integral           4     'hf                                                           
#     [7]                        integral           4     'hf                                                           
#     [8]                        integral           4     'h1                                                           
#   tuser                        integral           32    'h3007e5c2                                                    
#   begin_time                   time               64    65000                                                         
#   depth                        int                32    'd2                                                           
#   parent sequence (name)       string             10    master_seq                                                    
#   parent sequence (full name)  string             62    uvm_test_top.master_uvc.master_agent[0].master_seqr.master_seq
#   sequencer                    string             51    uvm_test_top.master_uvc.master_agent[0].master_seqr           
# ----------------------------------------------------------------------------------------------------------------------
# 
# UVM_INFO ../ENV/MASTER_AGENT/axi_str_mas_driver.sv(125) @ 65000: uvm_test_top.master_uvc.master_agent[0].master_drv [AXI_str_driver]  : n_cycle_dly=0
# UVM_INFO ../ENV/MASTER_AGENT/axi_str_mas_driver.sv(129) @ 65000: uvm_test_top.master_uvc.master_agent[0].master_drv [AXI_str_driver]  : n_cycle_dly=0
# ** Warning: (vsim-PLI-3070) $sformatf : Too many arguments.
#    Time: 65 ns  Iteration: 6  Process: /axi_str_mas_pkg::axi_str_mas_driver #(32, 32)::run_phase/#FORK#56_7fefec265bf File: ../ENV/MASTER_AGENT/axi_str_mas_driver.sv Line: 138
# UVM_INFO ../ENV/MASTER_AGENT/axi_str_mas_driver.sv(138) @ 65000: uvm_test_top.master_uvc.master_agent[0].master_drv [tdata_q_axi_str] A : DEBUG : [0]vif.tdata_q : 24d8a375
# UVM_INFO ../ENV/SLAVE_AGENT/axi_str_slv_driver.sv(104) @ 75000: uvm_test_top.slave_uvc.slave_agent[0].slave_drv [AXI_str_slv_driver]  : pkt size in  slave i = 7
# UVM_INFO ../ENV/SLAVE_AGENT/axi_str_slv_driver.sv(104) @ 75000: uvm_test_top.slave_uvc.slave_agent[1].slave_drv [AXI_str_slv_driver]  : pkt size in  slave i = 7
# UVM_INFO ../ENV/SLAVE_AGENT/axi_str_slv_driver.sv(104) @ 75000: uvm_test_top.slave_uvc.slave_agent[2].slave_drv [AXI_str_slv_driver]  : pkt size in  slave i = 7
# UVM_INFO ../ENV/SLAVE_AGENT/axi_str_slv_monitor.sv(118) @ 75000: uvm_test_top.slave_uvc.slave_agent[0].slave_mon [SLV_COLLECT_PKT_TIME]  : pkt_start_time_ps =75000.000000, pkt_start_time_prev_ps = 25000.000000, pkt_start_time_diff_ps = 10000.000000
# UVM_INFO ../ENV/SLAVE_AGENT/axi_str_slv_monitor.sv(92) @ 75000: uvm_test_top.slave_uvc.slave_agent[0].slave_mon [AXI_str_slv_mon]  : data : 618177397
# UVM_INFO ../ENV/SLAVE_AGENT/axi_str_slv_monitor.sv(118) @ 75000: uvm_test_top.slave_uvc.slave_agent[1].slave_mon [SLV_COLLECT_PKT_TIME]  : pkt_start_time_ps =75000.000000, pkt_start_time_prev_ps = 25000.000000, pkt_start_time_diff_ps = 10000.000000
# UVM_INFO ../ENV/SLAVE_AGENT/axi_str_slv_monitor.sv(92) @ 75000: uvm_test_top.slave_uvc.slave_agent[1].slave_mon [AXI_str_slv_mon]  : data : 618177397
# UVM_INFO ../ENV/SLAVE_AGENT/axi_str_slv_monitor.sv(118) @ 75000: uvm_test_top.slave_uvc.slave_agent[2].slave_mon [SLV_COLLECT_PKT_TIME]  : pkt_start_time_ps =75000.000000, pkt_start_time_prev_ps = 25000.000000, pkt_start_time_diff_ps = 10000.000000
# UVM_INFO ../ENV/SLAVE_AGENT/axi_str_slv_monitor.sv(92) @ 75000: uvm_test_top.slave_uvc.slave_agent[2].slave_mon [AXI_str_slv_mon]  : data : 618177397
# UVM_INFO ../ENV/MASTER_AGENT/axi_str_mas_driver.sv(125) @ 75000: uvm_test_top.master_uvc.master_agent[0].master_drv [AXI_str_driver]  : n_cycle_dly=0
# UVM_INFO ../ENV/MASTER_AGENT/axi_str_mas_driver.sv(129) @ 75000: uvm_test_top.master_uvc.master_agent[0].master_drv [AXI_str_driver]  : n_cycle_dly=0
# ** Warning: (vsim-PLI-3070) $sformatf : Too many arguments.
#    Time: 75 ns  Iteration: 2  Process: /axi_str_mas_pkg::axi_str_mas_driver #(32, 32)::run_phase/#FORK#56_7fefec265bf File: ../ENV/MASTER_AGENT/axi_str_mas_driver.sv Line: 138
# UVM_INFO ../ENV/MASTER_AGENT/axi_str_mas_driver.sv(138) @ 75000: uvm_test_top.master_uvc.master_agent[0].master_drv [tdata_q_axi_str] K : DEBUG : [1]vif.tdata_q : 99f8b5d8
# UVM_INFO ../ENV/MASTER_AGENT/axi_str_mas_monitor.sv(122) @ 75000: uvm_test_top.master_uvc.master_agent[2].master_mon [COLLECT_PKT_TIME]  : pkt_start_time_ps =75000.000000, pkt_start_time_prev_ps = 25000.000000, pkt_start_time_diff_ps = 50000.000000
# UVM_INFO ../ENV/MASTER_AGENT/axi_str_mas_monitor.sv(95) @ 75000: uvm_test_top.master_uvc.master_agent[2].master_mon [AXI_str_mon]  : data : 618177397
# UVM_INFO ../ENV/MASTER_AGENT/axi_str_mas_monitor.sv(122) @ 75000: uvm_test_top.master_uvc.master_agent[1].master_mon [COLLECT_PKT_TIME]  : pkt_start_time_ps =75000.000000, pkt_start_time_prev_ps = 25000.000000, pkt_start_time_diff_ps = 50000.000000
# UVM_INFO ../ENV/MASTER_AGENT/axi_str_mas_monitor.sv(95) @ 75000: uvm_test_top.master_uvc.master_agent[1].master_mon [AXI_str_mon]  : data : 618177397
# UVM_INFO ../ENV/MASTER_AGENT/axi_str_mas_monitor.sv(122) @ 75000: uvm_test_top.master_uvc.master_agent[0].master_mon [COLLECT_PKT_TIME]  : pkt_start_time_ps =75000.000000, pkt_start_time_prev_ps = 25000.000000, pkt_start_time_diff_ps = 50000.000000
# UVM_INFO ../ENV/MASTER_AGENT/axi_str_mas_monitor.sv(95) @ 75000: uvm_test_top.master_uvc.master_agent[0].master_mon [AXI_str_mon]  : data : 618177397
# UVM_INFO ../ENV/SLAVE_AGENT/axi_str_slv_driver.sv(104) @ 85000: uvm_test_top.slave_uvc.slave_agent[2].slave_drv [AXI_str_slv_driver]  : pkt size in  slave i = 8
# UVM_INFO ../ENV/SLAVE_AGENT/axi_str_slv_driver.sv(104) @ 85000: uvm_test_top.slave_uvc.slave_agent[1].slave_drv [AXI_str_slv_driver]  : pkt size in  slave i = 8
# UVM_INFO ../ENV/SLAVE_AGENT/axi_str_slv_driver.sv(104) @ 85000: uvm_test_top.slave_uvc.slave_agent[0].slave_drv [AXI_str_slv_driver]  : pkt size in  slave i = 8
# UVM_INFO ../ENV/SLAVE_AGENT/axi_str_slv_monitor.sv(92) @ 85000: uvm_test_top.slave_uvc.slave_agent[2].slave_mon [AXI_str_slv_mon]  : data : 618177397 2583213528
# UVM_INFO ../ENV/SLAVE_AGENT/axi_str_slv_monitor.sv(92) @ 85000: uvm_test_top.slave_uvc.slave_agent[1].slave_mon [AXI_str_slv_mon]  : data : 618177397 2583213528
# UVM_INFO ../ENV/SLAVE_AGENT/axi_str_slv_monitor.sv(92) @ 85000: uvm_test_top.slave_uvc.slave_agent[0].slave_mon [AXI_str_slv_mon]  : data : 618177397 2583213528
# UVM_INFO ../ENV/MASTER_AGENT/axi_str_mas_driver.sv(125) @ 85000: uvm_test_top.master_uvc.master_agent[0].master_drv [AXI_str_driver]  : n_cycle_dly=0
# UVM_INFO ../ENV/MASTER_AGENT/axi_str_mas_driver.sv(129) @ 85000: uvm_test_top.master_uvc.master_agent[0].master_drv [AXI_str_driver]  : n_cycle_dly=0
# ** Warning: (vsim-PLI-3070) $sformatf : Too many arguments.
#    Time: 85 ns  Iteration: 2  Process: /axi_str_mas_pkg::axi_str_mas_driver #(32, 32)::run_phase/#FORK#56_7fefec265bf File: ../ENV/MASTER_AGENT/axi_str_mas_driver.sv Line: 138
# UVM_INFO ../ENV/MASTER_AGENT/axi_str_mas_driver.sv(138) @ 85000: uvm_test_top.master_uvc.master_agent[0].master_drv [tdata_q_axi_str] U : DEBUG : [2]vif.tdata_q : 314797d9
# UVM_INFO ../ENV/MASTER_AGENT/axi_str_mas_monitor.sv(95) @ 85000: uvm_test_top.master_uvc.master_agent[0].master_mon [AXI_str_mon]  : data : 618177397 2583213528
# UVM_INFO ../ENV/MASTER_AGENT/axi_str_mas_monitor.sv(95) @ 85000: uvm_test_top.master_uvc.master_agent[1].master_mon [AXI_str_mon]  : data : 618177397 2583213528
# UVM_INFO ../ENV/MASTER_AGENT/axi_str_mas_monitor.sv(95) @ 85000: uvm_test_top.master_uvc.master_agent[2].master_mon [AXI_str_mon]  : data : 618177397 2583213528
# UVM_INFO ../ENV/SLAVE_AGENT/axi_str_slv_driver.sv(104) @ 95000: uvm_test_top.slave_uvc.slave_agent[0].slave_drv [AXI_str_slv_driver]  : pkt size in  slave i = 9
# UVM_INFO ../ENV/SLAVE_AGENT/axi_str_slv_driver.sv(104) @ 95000: uvm_test_top.slave_uvc.slave_agent[1].slave_drv [AXI_str_slv_driver]  : pkt size in  slave i = 9
# UVM_INFO ../ENV/SLAVE_AGENT/axi_str_slv_driver.sv(104) @ 95000: uvm_test_top.slave_uvc.slave_agent[2].slave_drv [AXI_str_slv_driver]  : pkt size in  slave i = 9
# UVM_INFO ../ENV/SLAVE_AGENT/axi_str_slv_monitor.sv(92) @ 95000: uvm_test_top.slave_uvc.slave_agent[0].slave_mon [AXI_str_slv_mon]  : data : 618177397 2583213528 826775513
# UVM_INFO ../ENV/SLAVE_AGENT/axi_str_slv_monitor.sv(92) @ 95000: uvm_test_top.slave_uvc.slave_agent[1].slave_mon [AXI_str_slv_mon]  : data : 618177397 2583213528 826775513
# UVM_INFO ../ENV/SLAVE_AGENT/axi_str_slv_monitor.sv(92) @ 95000: uvm_test_top.slave_uvc.slave_agent[2].slave_mon [AXI_str_slv_mon]  : data : 618177397 2583213528 826775513
# UVM_INFO ../ENV/MASTER_AGENT/axi_str_mas_driver.sv(125) @ 95000: uvm_test_top.master_uvc.master_agent[0].master_drv [AXI_str_driver]  : n_cycle_dly=0
# UVM_INFO ../ENV/MASTER_AGENT/axi_str_mas_driver.sv(129) @ 95000: uvm_test_top.master_uvc.master_agent[0].master_drv [AXI_str_driver]  : n_cycle_dly=0
# ** Warning: (vsim-PLI-3070) $sformatf : Too many arguments.
#    Time: 95 ns  Iteration: 2  Process: /axi_str_mas_pkg::axi_str_mas_driver #(32, 32)::run_phase/#FORK#56_7fefec265bf File: ../ENV/MASTER_AGENT/axi_str_mas_driver.sv Line: 138
# UVM_INFO ../ENV/MASTER_AGENT/axi_str_mas_driver.sv(138) @ 95000: uvm_test_top.master_uvc.master_agent[0].master_drv [tdata_q_axi_str] _ : DEBUG : [3]vif.tdata_q : b91d289
# UVM_INFO ../ENV/MASTER_AGENT/axi_str_mas_monitor.sv(95) @ 95000: uvm_test_top.master_uvc.master_agent[2].master_mon [AXI_str_mon]  : data : 618177397 2583213528 826775513
# UVM_INFO ../ENV/MASTER_AGENT/axi_str_mas_monitor.sv(95) @ 95000: uvm_test_top.master_uvc.master_agent[1].master_mon [AXI_str_mon]  : data : 618177397 2583213528 826775513
# UVM_INFO ../ENV/MASTER_AGENT/axi_str_mas_monitor.sv(95) @ 95000: uvm_test_top.master_uvc.master_agent[0].master_mon [AXI_str_mon]  : data : 618177397 2583213528 826775513
# UVM_INFO ../ENV/SLAVE_AGENT/axi_str_slv_driver.sv(104) @ 105000: uvm_test_top.slave_uvc.slave_agent[2].slave_drv [AXI_str_slv_driver]  : pkt size in  slave i = 10
# UVM_INFO ../ENV/SLAVE_AGENT/axi_str_slv_driver.sv(104) @ 105000: uvm_test_top.slave_uvc.slave_agent[1].slave_drv [AXI_str_slv_driver]  : pkt size in  slave i = 10
# UVM_INFO ../ENV/SLAVE_AGENT/axi_str_slv_driver.sv(104) @ 105000: uvm_test_top.slave_uvc.slave_agent[0].slave_drv [AXI_str_slv_driver]  : pkt size in  slave i = 10
# UVM_INFO ../ENV/SLAVE_AGENT/axi_str_slv_monitor.sv(92) @ 105000: uvm_test_top.slave_uvc.slave_agent[2].slave_mon [AXI_str_slv_mon]  : data : 618177397 2583213528 826775513 194105993
# UVM_INFO ../ENV/SLAVE_AGENT/axi_str_slv_monitor.sv(92) @ 105000: uvm_test_top.slave_uvc.slave_agent[1].slave_mon [AXI_str_slv_mon]  : data : 618177397 2583213528 826775513 194105993
# UVM_INFO ../ENV/SLAVE_AGENT/axi_str_slv_monitor.sv(92) @ 105000: uvm_test_top.slave_uvc.slave_agent[0].slave_mon [AXI_str_slv_mon]  : data : 618177397 2583213528 826775513 194105993
# UVM_INFO ../ENV/MASTER_AGENT/axi_str_mas_driver.sv(125) @ 105000: uvm_test_top.master_uvc.master_agent[0].master_drv [AXI_str_driver]  : n_cycle_dly=0
# UVM_INFO ../ENV/MASTER_AGENT/axi_str_mas_driver.sv(129) @ 105000: uvm_test_top.master_uvc.master_agent[0].master_drv [AXI_str_driver]  : n_cycle_dly=0
# ** Warning: (vsim-PLI-3070) $sformatf : Too many arguments.
#    Time: 105 ns  Iteration: 2  Process: /axi_str_mas_pkg::axi_str_mas_driver #(32, 32)::run_phase/#FORK#56_7fefec265bf File: ../ENV/MASTER_AGENT/axi_str_mas_driver.sv Line: 138
# UVM_INFO ../ENV/MASTER_AGENT/axi_str_mas_driver.sv(138) @ 105000: uvm_test_top.master_uvc.master_agent[0].master_drv [tdata_q_axi_str] i : DEBUG : [4]vif.tdata_q : a20a5918
# UVM_INFO ../ENV/MASTER_AGENT/axi_str_mas_monitor.sv(95) @ 105000: uvm_test_top.master_uvc.master_agent[0].master_mon [AXI_str_mon]  : data : 618177397 2583213528 826775513 194105993
# UVM_INFO ../ENV/MASTER_AGENT/axi_str_mas_monitor.sv(95) @ 105000: uvm_test_top.master_uvc.master_agent[1].master_mon [AXI_str_mon]  : data : 618177397 2583213528 826775513 194105993
# UVM_INFO ../ENV/MASTER_AGENT/axi_str_mas_monitor.sv(95) @ 105000: uvm_test_top.master_uvc.master_agent[2].master_mon [AXI_str_mon]  : data : 618177397 2583213528 826775513 194105993
# UVM_INFO ../ENV/SLAVE_AGENT/axi_str_slv_driver.sv(104) @ 115000: uvm_test_top.slave_uvc.slave_agent[0].slave_drv [AXI_str_slv_driver]  : pkt size in  slave i = 11
# UVM_INFO ../ENV/SLAVE_AGENT/axi_str_slv_driver.sv(104) @ 115000: uvm_test_top.slave_uvc.slave_agent[1].slave_drv [AXI_str_slv_driver]  : pkt size in  slave i = 11
# UVM_INFO ../ENV/SLAVE_AGENT/axi_str_slv_driver.sv(104) @ 115000: uvm_test_top.slave_uvc.slave_agent[2].slave_drv [AXI_str_slv_driver]  : pkt size in  slave i = 11
# UVM_INFO ../ENV/SLAVE_AGENT/axi_str_slv_monitor.sv(92) @ 115000: uvm_test_top.slave_uvc.slave_agent[0].slave_mon [AXI_str_slv_mon]  : data : 618177397 2583213528 826775513 194105993 2718587160
# UVM_INFO ../ENV/SLAVE_AGENT/axi_str_slv_monitor.sv(92) @ 115000: uvm_test_top.slave_uvc.slave_agent[1].slave_mon [AXI_str_slv_mon]  : data : 618177397 2583213528 826775513 194105993 2718587160
# UVM_INFO ../ENV/SLAVE_AGENT/axi_str_slv_monitor.sv(92) @ 115000: uvm_test_top.slave_uvc.slave_agent[2].slave_mon [AXI_str_slv_mon]  : data : 618177397 2583213528 826775513 194105993 2718587160
# UVM_INFO ../ENV/MASTER_AGENT/axi_str_mas_driver.sv(125) @ 115000: uvm_test_top.master_uvc.master_agent[0].master_drv [AXI_str_driver]  : n_cycle_dly=0
# UVM_INFO ../ENV/MASTER_AGENT/axi_str_mas_driver.sv(129) @ 115000: uvm_test_top.master_uvc.master_agent[0].master_drv [AXI_str_driver]  : n_cycle_dly=0
# ** Warning: (vsim-PLI-3070) $sformatf : Too many arguments.
#    Time: 115 ns  Iteration: 2  Process: /axi_str_mas_pkg::axi_str_mas_driver #(32, 32)::run_phase/#FORK#56_7fefec265bf File: ../ENV/MASTER_AGENT/axi_str_mas_driver.sv Line: 138
# UVM_INFO ../ENV/MASTER_AGENT/axi_str_mas_driver.sv(138) @ 115000: uvm_test_top.master_uvc.master_agent[0].master_drv [tdata_q_axi_str] s : DEBUG : [5]vif.tdata_q : f5fa9a29
# UVM_INFO ../ENV/MASTER_AGENT/axi_str_mas_monitor.sv(95) @ 115000: uvm_test_top.master_uvc.master_agent[2].master_mon [AXI_str_mon]  : data : 618177397 2583213528 826775513 194105993 2718587160
# UVM_INFO ../ENV/MASTER_AGENT/axi_str_mas_monitor.sv(95) @ 115000: uvm_test_top.master_uvc.master_agent[1].master_mon [AXI_str_mon]  : data : 618177397 2583213528 826775513 194105993 2718587160
# UVM_INFO ../ENV/MASTER_AGENT/axi_str_mas_monitor.sv(95) @ 115000: uvm_test_top.master_uvc.master_agent[0].master_mon [AXI_str_mon]  : data : 618177397 2583213528 826775513 194105993 2718587160
# UVM_INFO ../ENV/SLAVE_AGENT/axi_str_slv_driver.sv(104) @ 125000: uvm_test_top.slave_uvc.slave_agent[2].slave_drv [AXI_str_slv_driver]  : pkt size in  slave i = 12
# UVM_INFO ../ENV/SLAVE_AGENT/axi_str_slv_driver.sv(104) @ 125000: uvm_test_top.slave_uvc.slave_agent[1].slave_drv [AXI_str_slv_driver]  : pkt size in  slave i = 12
# UVM_INFO ../ENV/SLAVE_AGENT/axi_str_slv_driver.sv(104) @ 125000: uvm_test_top.slave_uvc.slave_agent[0].slave_drv [AXI_str_slv_driver]  : pkt size in  slave i = 12
# UVM_INFO ../ENV/SLAVE_AGENT/axi_str_slv_monitor.sv(92) @ 125000: uvm_test_top.slave_uvc.slave_agent[2].slave_mon [AXI_str_slv_mon]  : data : 618177397 2583213528 826775513 194105993 2718587160 4126841385
# UVM_INFO ../ENV/SLAVE_AGENT/axi_str_slv_monitor.sv(92) @ 125000: uvm_test_top.slave_uvc.slave_agent[1].slave_mon [AXI_str_slv_mon]  : data : 618177397 2583213528 826775513 194105993 2718587160 4126841385
# UVM_INFO ../ENV/SLAVE_AGENT/axi_str_slv_monitor.sv(92) @ 125000: uvm_test_top.slave_uvc.slave_agent[0].slave_mon [AXI_str_slv_mon]  : data : 618177397 2583213528 826775513 194105993 2718587160 4126841385
# UVM_INFO ../ENV/MASTER_AGENT/axi_str_mas_driver.sv(125) @ 125000: uvm_test_top.master_uvc.master_agent[0].master_drv [AXI_str_driver]  : n_cycle_dly=0
# UVM_INFO ../ENV/MASTER_AGENT/axi_str_mas_driver.sv(129) @ 125000: uvm_test_top.master_uvc.master_agent[0].master_drv [AXI_str_driver]  : n_cycle_dly=0
# ** Warning: (vsim-PLI-3070) $sformatf : Too many arguments.
#    Time: 125 ns  Iteration: 2  Process: /axi_str_mas_pkg::axi_str_mas_driver #(32, 32)::run_phase/#FORK#56_7fefec265bf File: ../ENV/MASTER_AGENT/axi_str_mas_driver.sv Line: 138
# UVM_INFO ../ENV/MASTER_AGENT/axi_str_mas_driver.sv(138) @ 125000: uvm_test_top.master_uvc.master_agent[0].master_drv [tdata_q_axi_str] } : DEBUG : [6]vif.tdata_q : b114b297
# UVM_INFO ../ENV/MASTER_AGENT/axi_str_mas_monitor.sv(95) @ 125000: uvm_test_top.master_uvc.master_agent[0].master_mon [AXI_str_mon]  : data : 618177397 2583213528 826775513 194105993 2718587160 4126841385
# UVM_INFO ../ENV/MASTER_AGENT/axi_str_mas_monitor.sv(95) @ 125000: uvm_test_top.master_uvc.master_agent[1].master_mon [AXI_str_mon]  : data : 618177397 2583213528 826775513 194105993 2718587160 4126841385
# UVM_INFO ../ENV/MASTER_AGENT/axi_str_mas_monitor.sv(95) @ 125000: uvm_test_top.master_uvc.master_agent[2].master_mon [AXI_str_mon]  : data : 618177397 2583213528 826775513 194105993 2718587160 4126841385
# UVM_INFO ../ENV/SLAVE_AGENT/axi_str_slv_driver.sv(104) @ 135000: uvm_test_top.slave_uvc.slave_agent[0].slave_drv [AXI_str_slv_driver]  : pkt size in  slave i = 13
# UVM_INFO ../ENV/SLAVE_AGENT/axi_str_slv_driver.sv(104) @ 135000: uvm_test_top.slave_uvc.slave_agent[1].slave_drv [AXI_str_slv_driver]  : pkt size in  slave i = 13
# UVM_INFO ../ENV/SLAVE_AGENT/axi_str_slv_driver.sv(104) @ 135000: uvm_test_top.slave_uvc.slave_agent[2].slave_drv [AXI_str_slv_driver]  : pkt size in  slave i = 13
# UVM_INFO ../ENV/SLAVE_AGENT/axi_str_slv_monitor.sv(92) @ 135000: uvm_test_top.slave_uvc.slave_agent[0].slave_mon [AXI_str_slv_mon]  : data : 618177397 2583213528 826775513 194105993 2718587160 4126841385 2970923671
# UVM_INFO ../ENV/SLAVE_AGENT/axi_str_slv_monitor.sv(92) @ 135000: uvm_test_top.slave_uvc.slave_agent[1].slave_mon [AXI_str_slv_mon]  : data : 618177397 2583213528 826775513 194105993 2718587160 4126841385 2970923671
# UVM_INFO ../ENV/SLAVE_AGENT/axi_str_slv_monitor.sv(92) @ 135000: uvm_test_top.slave_uvc.slave_agent[2].slave_mon [AXI_str_slv_mon]  : data : 618177397 2583213528 826775513 194105993 2718587160 4126841385 2970923671
# UVM_INFO ../ENV/MASTER_AGENT/axi_str_mas_driver.sv(125) @ 135000: uvm_test_top.master_uvc.master_agent[0].master_drv [AXI_str_driver]  : n_cycle_dly=0
# UVM_INFO ../ENV/MASTER_AGENT/axi_str_mas_driver.sv(129) @ 135000: uvm_test_top.master_uvc.master_agent[0].master_drv [AXI_str_driver]  : n_cycle_dly=0
# ** Warning: (vsim-PLI-3070) $sformatf : Too many arguments.
#    Time: 135 ns  Iteration: 2  Process: /axi_str_mas_pkg::axi_str_mas_driver #(32, 32)::run_phase/#FORK#56_7fefec265bf File: ../ENV/MASTER_AGENT/axi_str_mas_driver.sv Line: 138
# UVM_INFO ../ENV/MASTER_AGENT/axi_str_mas_driver.sv(138) @ 135000: uvm_test_top.master_uvc.master_agent[0].master_drv [tdata_q_axi_str] ‡ : DEBUG : [7]vif.tdata_q : 43b307ab
# UVM_INFO ../ENV/MASTER_AGENT/axi_str_mas_monitor.sv(95) @ 135000: uvm_test_top.master_uvc.master_agent[2].master_mon [AXI_str_mon]  : data : 618177397 2583213528 826775513 194105993 2718587160 4126841385 2970923671
# UVM_INFO ../ENV/MASTER_AGENT/axi_str_mas_monitor.sv(95) @ 135000: uvm_test_top.master_uvc.master_agent[1].master_mon [AXI_str_mon]  : data : 618177397 2583213528 826775513 194105993 2718587160 4126841385 2970923671
# UVM_INFO ../ENV/MASTER_AGENT/axi_str_mas_monitor.sv(95) @ 135000: uvm_test_top.master_uvc.master_agent[0].master_mon [AXI_str_mon]  : data : 618177397 2583213528 826775513 194105993 2718587160 4126841385 2970923671
# UVM_INFO ../ENV/SLAVE_AGENT/axi_str_slv_driver.sv(104) @ 145000: uvm_test_top.slave_uvc.slave_agent[2].slave_drv [AXI_str_slv_driver]  : pkt size in  slave i = 14
# UVM_INFO ../ENV/SLAVE_AGENT/axi_str_slv_driver.sv(104) @ 145000: uvm_test_top.slave_uvc.slave_agent[1].slave_drv [AXI_str_slv_driver]  : pkt size in  slave i = 14
# UVM_INFO ../ENV/SLAVE_AGENT/axi_str_slv_driver.sv(104) @ 145000: uvm_test_top.slave_uvc.slave_agent[0].slave_drv [AXI_str_slv_driver]  : pkt size in  slave i = 14
# UVM_INFO ../ENV/SLAVE_AGENT/axi_str_slv_monitor.sv(92) @ 145000: uvm_test_top.slave_uvc.slave_agent[2].slave_mon [AXI_str_slv_mon]  : data : 618177397 2583213528 826775513 194105993 2718587160 4126841385 2970923671 1135806379
# UVM_INFO ../ENV/SLAVE_AGENT/axi_str_slv_monitor.sv(92) @ 145000: uvm_test_top.slave_uvc.slave_agent[1].slave_mon [AXI_str_slv_mon]  : data : 618177397 2583213528 826775513 194105993 2718587160 4126841385 2970923671 1135806379
# UVM_INFO ../ENV/SLAVE_AGENT/axi_str_slv_monitor.sv(92) @ 145000: uvm_test_top.slave_uvc.slave_agent[0].slave_mon [AXI_str_slv_mon]  : data : 618177397 2583213528 826775513 194105993 2718587160 4126841385 2970923671 1135806379
# UVM_INFO ../ENV/MASTER_AGENT/axi_str_mas_driver.sv(125) @ 145000: uvm_test_top.master_uvc.master_agent[0].master_drv [AXI_str_driver]  : n_cycle_dly=0
# UVM_INFO ../ENV/MASTER_AGENT/axi_str_mas_driver.sv(129) @ 145000: uvm_test_top.master_uvc.master_agent[0].master_drv [AXI_str_driver]  : n_cycle_dly=0
# ** Warning: (vsim-PLI-3070) $sformatf : Too many arguments.
#    Time: 145 ns  Iteration: 2  Process: /axi_str_mas_pkg::axi_str_mas_driver #(32, 32)::run_phase/#FORK#56_7fefec265bf File: ../ENV/MASTER_AGENT/axi_str_mas_driver.sv Line: 138
# UVM_INFO ../ENV/MASTER_AGENT/axi_str_mas_driver.sv(138) @ 145000: uvm_test_top.master_uvc.master_agent[0].master_drv [tdata_q_axi_str] ‘ : DEBUG : [8]vif.tdata_q : f2f28c0b
# UVM_INFO ../ENV/MASTER_AGENT/axi_str_mas_monitor.sv(95) @ 145000: uvm_test_top.master_uvc.master_agent[0].master_mon [AXI_str_mon]  : data : 618177397 2583213528 826775513 194105993 2718587160 4126841385 2970923671 1135806379
# UVM_INFO ../ENV/MASTER_AGENT/axi_str_mas_monitor.sv(95) @ 145000: uvm_test_top.master_uvc.master_agent[1].master_mon [AXI_str_mon]  : data : 618177397 2583213528 826775513 194105993 2718587160 4126841385 2970923671 1135806379
# UVM_INFO ../ENV/MASTER_AGENT/axi_str_mas_monitor.sv(95) @ 145000: uvm_test_top.master_uvc.master_agent[2].master_mon [AXI_str_mon]  : data : 618177397 2583213528 826775513 194105993 2718587160 4126841385 2970923671 1135806379
# UVM_INFO ../ENV/SLAVE_AGENT/axi_str_slv_driver.sv(104) @ 155000: uvm_test_top.slave_uvc.slave_agent[0].slave_drv [AXI_str_slv_driver]  : pkt size in  slave i = 15
# UVM_INFO ../ENV/SLAVE_AGENT/axi_str_slv_driver.sv(106) @ 155000: uvm_test_top.slave_uvc.slave_agent[0].slave_drv [AXI_str_slv_driver]  : TLAST is asserted
# UVM_INFO ../ENV/SLAVE_AGENT/axi_str_slv_driver.sv(104) @ 155000: uvm_test_top.slave_uvc.slave_agent[1].slave_drv [AXI_str_slv_driver]  : pkt size in  slave i = 15
# UVM_INFO ../ENV/SLAVE_AGENT/axi_str_slv_driver.sv(106) @ 155000: uvm_test_top.slave_uvc.slave_agent[1].slave_drv [AXI_str_slv_driver]  : TLAST is asserted
# UVM_INFO ../ENV/SLAVE_AGENT/axi_str_slv_driver.sv(104) @ 155000: uvm_test_top.slave_uvc.slave_agent[2].slave_drv [AXI_str_slv_driver]  : pkt size in  slave i = 15
# UVM_INFO ../ENV/SLAVE_AGENT/axi_str_slv_driver.sv(106) @ 155000: uvm_test_top.slave_uvc.slave_agent[2].slave_drv [AXI_str_slv_driver]  : TLAST is asserted
# UVM_INFO ../ENV/SLAVE_AGENT/axi_str_slv_monitor.sv(92) @ 155000: uvm_test_top.slave_uvc.slave_agent[0].slave_mon [AXI_str_slv_mon]  : data : 618177397 2583213528 826775513 194105993 2718587160 4126841385 2970923671 1135806379 4075981835
# UVM_INFO ../ENV/SLAVE_AGENT/axi_str_slv_monitor.sv(128) @ 155000: uvm_test_top.slave_uvc.slave_agent[0].slave_mon [SLV_COLLECT_PKT_TIME]  : pkt_end_time_ps =155000.000000, pkt_end_time_prev_ps = 65000.000000, pkt_end_time_diff_ps = 90000.000000
# UVM_INFO ../ENV/SLAVE_AGENT/axi_str_slv_monitor.sv(103) @ 155000: uvm_test_top.slave_uvc.slave_agent[0].slave_mon [COLLECT_PKT] data monitoring is : -----------------------------------------------------------
# Name                 Type               Size  Value        
# -----------------------------------------------------------
# sampled_pkt_q[1]     uvm_sequence_item  -     @1389        
#   pkt_start_time_ps  real               64    75000.000000 
#   pkt_end_time_ps    real               64    155000.000000
#   pkt_len            integral           32    'd9          
#   tdata_q            da(integral)       9     -            
#     [0]              integral           32    'h24d8a375   
#     [1]              integral           32    'h99f8b5d8   
#     [2]              integral           32    'h314797d9   
#     [3]              integral           32    'hb91d289    
#     [4]              integral           32    'ha20a5918   
#     [5]              integral           32    'hf5fa9a29   
#     [6]              integral           32    'hb114b297   
#     [7]              integral           32    'h43b307ab   
#     [8]              integral           32    'hf2f28c0b   
#   tkeep_q            da(integral)       9     -            
#     [0]              integral           4     'hf          
#     [1]              integral           4     'hf          
#     [2]              integral           4     'hf          
#     [3]              integral           4     'hf          
#     [4]              integral           4     'hf          
#     [5]              integral           4     'hf          
#     [6]              integral           4     'hf          
#     [7]              integral           4     'hf          
#     [8]              integral           4     'h1          
#   tuser              integral           32    'h3007e5c2   
# -----------------------------------------------------------
# 
# UVM_INFO ../ENV/SLAVE_AGENT/axi_str_slv_monitor.sv(92) @ 155000: uvm_test_top.slave_uvc.slave_agent[1].slave_mon [AXI_str_slv_mon]  : data : 618177397 2583213528 826775513 194105993 2718587160 4126841385 2970923671 1135806379 4075981835
# UVM_INFO ../ENV/SLAVE_AGENT/axi_str_slv_monitor.sv(128) @ 155000: uvm_test_top.slave_uvc.slave_agent[1].slave_mon [SLV_COLLECT_PKT_TIME]  : pkt_end_time_ps =155000.000000, pkt_end_time_prev_ps = 65000.000000, pkt_end_time_diff_ps = 90000.000000
# UVM_INFO ../ENV/SLAVE_AGENT/axi_str_slv_monitor.sv(103) @ 155000: uvm_test_top.slave_uvc.slave_agent[1].slave_mon [COLLECT_PKT] data monitoring is : -----------------------------------------------------------
# Name                 Type               Size  Value        
# -----------------------------------------------------------
# sampled_pkt_q[1]     uvm_sequence_item  -     @1385        
#   pkt_start_time_ps  real               64    75000.000000 
#   pkt_end_time_ps    real               64    155000.000000
#   pkt_len            integral           32    'd9          
#   tdata_q            da(integral)       9     -            
#     [0]              integral           32    'h24d8a375   
#     [1]              integral           32    'h99f8b5d8   
#     [2]              integral           32    'h314797d9   
#     [3]              integral           32    'hb91d289    
#     [4]              integral           32    'ha20a5918   
#     [5]              integral           32    'hf5fa9a29   
#     [6]              integral           32    'hb114b297   
#     [7]              integral           32    'h43b307ab   
#     [8]              integral           32    'hf2f28c0b   
#   tkeep_q            da(integral)       9     -            
#     [0]              integral           4     'hf          
#     [1]              integral           4     'hf          
#     [2]              integral           4     'hf          
#     [3]              integral           4     'hf          
#     [4]              integral           4     'hf          
#     [5]              integral           4     'hf          
#     [6]              integral           4     'hf          
#     [7]              integral           4     'hf          
#     [8]              integral           4     'h1          
#   tuser              integral           32    'h3007e5c2   
# -----------------------------------------------------------
# 
# UVM_INFO ../ENV/SLAVE_AGENT/axi_str_slv_monitor.sv(92) @ 155000: uvm_test_top.slave_uvc.slave_agent[2].slave_mon [AXI_str_slv_mon]  : data : 618177397 2583213528 826775513 194105993 2718587160 4126841385 2970923671 1135806379 4075981835
# UVM_INFO ../ENV/SLAVE_AGENT/axi_str_slv_monitor.sv(128) @ 155000: uvm_test_top.slave_uvc.slave_agent[2].slave_mon [SLV_COLLECT_PKT_TIME]  : pkt_end_time_ps =155000.000000, pkt_end_time_prev_ps = 65000.000000, pkt_end_time_diff_ps = 90000.000000
# UVM_INFO ../ENV/SLAVE_AGENT/axi_str_slv_monitor.sv(103) @ 155000: uvm_test_top.slave_uvc.slave_agent[2].slave_mon [COLLECT_PKT] data monitoring is : -----------------------------------------------------------
# Name                 Type               Size  Value        
# -----------------------------------------------------------
# sampled_pkt_q[1]     uvm_sequence_item  -     @1381        
#   pkt_start_time_ps  real               64    75000.000000 
#   pkt_end_time_ps    real               64    155000.000000
#   pkt_len            integral           32    'd9          
#   tdata_q            da(integral)       9     -            
#     [0]              integral           32    'h24d8a375   
#     [1]              integral           32    'h99f8b5d8   
#     [2]              integral           32    'h314797d9   
#     [3]              integral           32    'hb91d289    
#     [4]              integral           32    'ha20a5918   
#     [5]              integral           32    'hf5fa9a29   
#     [6]              integral           32    'hb114b297   
#     [7]              integral           32    'h43b307ab   
#     [8]              integral           32    'hf2f28c0b   
#   tkeep_q            da(integral)       9     -            
#     [0]              integral           4     'hf          
#     [1]              integral           4     'hf          
#     [2]              integral           4     'hf          
#     [3]              integral           4     'hf          
#     [4]              integral           4     'hf          
#     [5]              integral           4     'hf          
#     [6]              integral           4     'hf          
#     [7]              integral           4     'hf          
#     [8]              integral           4     'h1          
#   tuser              integral           32    'h3007e5c2   
# -----------------------------------------------------------
# 
# UVM_INFO ../ENV/MASTER_AGENT/axi_str_mas_monitor.sv(95) @ 155000: uvm_test_top.master_uvc.master_agent[2].master_mon [AXI_str_mon]  : data : 618177397 2583213528 826775513 194105993 2718587160 4126841385 2970923671 1135806379 4075981835
# UVM_INFO ../ENV/MASTER_AGENT/axi_str_mas_monitor.sv(133) @ 155000: uvm_test_top.master_uvc.master_agent[2].master_mon [COLLECT_PKT_TIME]  : pkt_end_time_ps =155000.000000, pkt_end_time_prev_ps = 65000.000000, pkt_end_time_diff_ps = 90000.000000
# UVM_INFO ../ENV/MASTER_AGENT/axi_str_mas_monitor.sv(109) @ 155000: uvm_test_top.master_uvc.master_agent[2].master_mon [COLLECT_PKT] data monitoring is : -----------------------------------------------------------
# Name                 Type               Size  Value        
# -----------------------------------------------------------
# sampled_pkt_q[1]     uvm_sequence_item  -     @1401        
#   pkt_start_time_ps  real               64    75000.000000 
#   pkt_end_time_ps    real               64    155000.000000
#   total_bytes        integral           32    'd0          
#   no_of_bytes        integral           32    'd0          
#   pkt_len            integral           32    'd9          
#   pkt_num            integral           32    'h2          
#   tdata_q            da(integral)       9     -            
#     [0]              integral           32    'h24d8a375   
#     [1]              integral           32    'h99f8b5d8   
#     [2]              integral           32    'h314797d9   
#     [3]              integral           32    'hb91d289    
#     [4]              integral           32    'ha20a5918   
#     [5]              integral           32    'hf5fa9a29   
#     [6]              integral           32    'hb114b297   
#     [7]              integral           32    'h43b307ab   
#     [8]              integral           32    'hf2f28c0b   
#   tkeep_q            da(integral)       9     -            
#     [0]              integral           4     'hf          
#     [1]              integral           4     'hf          
#     [2]              integral           4     'hf          
#     [3]              integral           4     'hf          
#     [4]              integral           4     'hf          
#     [5]              integral           4     'hf          
#     [6]              integral           4     'hf          
#     [7]              integral           4     'hf          
#     [8]              integral           4     'h1          
#   tuser              integral           32    'h3007e5c2   
# -----------------------------------------------------------
# 
# UVM_INFO ../ENV/MASTER_AGENT/axi_str_mas_monitor.sv(95) @ 155000: uvm_test_top.master_uvc.master_agent[1].master_mon [AXI_str_mon]  : data : 618177397 2583213528 826775513 194105993 2718587160 4126841385 2970923671 1135806379 4075981835
# UVM_INFO ../ENV/MASTER_AGENT/axi_str_mas_monitor.sv(133) @ 155000: uvm_test_top.master_uvc.master_agent[1].master_mon [COLLECT_PKT_TIME]  : pkt_end_time_ps =155000.000000, pkt_end_time_prev_ps = 65000.000000, pkt_end_time_diff_ps = 90000.000000
# UVM_INFO ../ENV/MASTER_AGENT/axi_str_mas_monitor.sv(109) @ 155000: uvm_test_top.master_uvc.master_agent[1].master_mon [COLLECT_PKT] data monitoring is : -----------------------------------------------------------
# Name                 Type               Size  Value        
# -----------------------------------------------------------
# sampled_pkt_q[1]     uvm_sequence_item  -     @1397        
#   pkt_start_time_ps  real               64    75000.000000 
#   pkt_end_time_ps    real               64    155000.000000
#   total_bytes        integral           32    'd0          
#   no_of_bytes        integral           32    'd0          
#   pkt_len            integral           32    'd9          
#   pkt_num            integral           32    'h2          
#   tdata_q            da(integral)       9     -            
#     [0]              integral           32    'h24d8a375   
#     [1]              integral           32    'h99f8b5d8   
#     [2]              integral           32    'h314797d9   
#     [3]              integral           32    'hb91d289    
#     [4]              integral           32    'ha20a5918   
#     [5]              integral           32    'hf5fa9a29   
#     [6]              integral           32    'hb114b297   
#     [7]              integral           32    'h43b307ab   
#     [8]              integral           32    'hf2f28c0b   
#   tkeep_q            da(integral)       9     -            
#     [0]              integral           4     'hf          
#     [1]              integral           4     'hf          
#     [2]              integral           4     'hf          
#     [3]              integral           4     'hf          
#     [4]              integral           4     'hf          
#     [5]              integral           4     'hf          
#     [6]              integral           4     'hf          
#     [7]              integral           4     'hf          
#     [8]              integral           4     'h1          
#   tuser              integral           32    'h3007e5c2   
# -----------------------------------------------------------
# 
# UVM_INFO ../ENV/MASTER_AGENT/axi_str_mas_monitor.sv(95) @ 155000: uvm_test_top.master_uvc.master_agent[0].master_mon [AXI_str_mon]  : data : 618177397 2583213528 826775513 194105993 2718587160 4126841385 2970923671 1135806379 4075981835
# UVM_INFO ../ENV/MASTER_AGENT/axi_str_mas_monitor.sv(133) @ 155000: uvm_test_top.master_uvc.master_agent[0].master_mon [COLLECT_PKT_TIME]  : pkt_end_time_ps =155000.000000, pkt_end_time_prev_ps = 65000.000000, pkt_end_time_diff_ps = 90000.000000
# UVM_INFO ../ENV/MASTER_AGENT/axi_str_mas_monitor.sv(109) @ 155000: uvm_test_top.master_uvc.master_agent[0].master_mon [COLLECT_PKT] data monitoring is : -----------------------------------------------------------
# Name                 Type               Size  Value        
# -----------------------------------------------------------
# sampled_pkt_q[1]     uvm_sequence_item  -     @1393        
#   pkt_start_time_ps  real               64    75000.000000 
#   pkt_end_time_ps    real               64    155000.000000
#   total_bytes        integral           32    'd0          
#   no_of_bytes        integral           32    'd0          
#   pkt_len            integral           32    'd9          
#   pkt_num            integral           32    'h2          
#   tdata_q            da(integral)       9     -            
#     [0]              integral           32    'h24d8a375   
#     [1]              integral           32    'h99f8b5d8   
#     [2]              integral           32    'h314797d9   
#     [3]              integral           32    'hb91d289    
#     [4]              integral           32    'ha20a5918   
#     [5]              integral           32    'hf5fa9a29   
#     [6]              integral           32    'hb114b297   
#     [7]              integral           32    'h43b307ab   
#     [8]              integral           32    'hf2f28c0b   
#   tkeep_q            da(integral)       9     -            
#     [0]              integral           4     'hf          
#     [1]              integral           4     'hf          
#     [2]              integral           4     'hf          
#     [3]              integral           4     'hf          
#     [4]              integral           4     'hf          
#     [5]              integral           4     'hf          
#     [6]              integral           4     'hf          
#     [7]              integral           4     'hf          
#     [8]              integral           4     'h1          
#   tuser              integral           32    'h3007e5c2   
# -----------------------------------------------------------
# 
# UVM_INFO ../ENV/MASTER_AGENT/axi_str_mas_driver.sv(58) @ 155000: uvm_test_top.master_uvc.master_agent[0].master_drv [uvm_test_top.master_uvc.master_agent[0].master_drv] req_data_in_driver : ----------------------------------------------------------------------------------------------------------------------
# Name                           Type               Size  Value                                                         
# ----------------------------------------------------------------------------------------------------------------------
# req                            uvm_sequence_item  -     @1434                                                         
#   pkt_start_time_ps            real               64    0.000000                                                      
#   pkt_end_time_ps              real               64    0.000000                                                      
#   total_bytes                  integral           32    'd66                                                          
#   no_of_bytes                  integral           32    'd4                                                           
#   pkt_len                      integral           32    'd17                                                          
#   pkt_num                      integral           32    'h0                                                           
#   tdata_q                      da(integral)       17    -                                                             
#     [0]                        integral           32    'ha8cb101a                                                    
#     [1]                        integral           32    'h89bb6e29                                                    
#     [2]                        integral           32    'h85165822                                                    
#     [3]                        integral           32    'h34642c05                                                    
#     [4]                        integral           32    'h690d770e                                                    
#     ...                        ...                ...   ...                                                           
#     [12]                       integral           32    'h194bc829                                                    
#     [13]                       integral           32    'h451bb4bd                                                    
#     [14]                       integral           32    'h123a1091                                                    
#     [15]                       integral           32    'h3d0b777                                                     
#     [16]                       integral           32    'hcddbb9                                                      
#   tkeep_q                      da(integral)       17    -                                                             
#     [0]                        integral           4     'hf                                                           
#     [1]                        integral           4     'hf                                                           
#     [2]                        integral           4     'hf                                                           
#     [3]                        integral           4     'hf                                                           
#     [4]                        integral           4     'hf                                                           
#     ...                        ...                ...   ...                                                           
#     [12]                       integral           4     'hf                                                           
#     [13]                       integral           4     'hf                                                           
#     [14]                       integral           4     'hf                                                           
#     [15]                       integral           4     'hf                                                           
#     [16]                       integral           4     'h3                                                           
#   tuser                        integral           32    'ha28086e3                                                    
#   begin_time                   time               64    155000                                                        
#   depth                        int                32    'd2                                                           
#   parent sequence (name)       string             10    master_seq                                                    
#   parent sequence (full name)  string             62    uvm_test_top.master_uvc.master_agent[0].master_seqr.master_seq
#   sequencer                    string             51    uvm_test_top.master_uvc.master_agent[0].master_seqr           
# ----------------------------------------------------------------------------------------------------------------------
# 
# UVM_INFO ../ENV/MASTER_AGENT/axi_str_mas_driver.sv(125) @ 155000: uvm_test_top.master_uvc.master_agent[0].master_drv [AXI_str_driver]  : n_cycle_dly=0
# UVM_INFO ../ENV/MASTER_AGENT/axi_str_mas_driver.sv(129) @ 155000: uvm_test_top.master_uvc.master_agent[0].master_drv [AXI_str_driver]  : n_cycle_dly=0
# ** Warning: (vsim-PLI-3070) $sformatf : Too many arguments.
#    Time: 155 ns  Iteration: 6  Process: /axi_str_mas_pkg::axi_str_mas_driver #(32, 32)::run_phase/#FORK#56_7fefec265bf File: ../ENV/MASTER_AGENT/axi_str_mas_driver.sv Line: 138
# UVM_INFO ../ENV/MASTER_AGENT/axi_str_mas_driver.sv(138) @ 155000: uvm_test_top.master_uvc.master_agent[0].master_drv [tdata_q_axi_str] › : DEBUG : [0]vif.tdata_q : a8cb101a
# UVM_INFO ../ENV/SLAVE_AGENT/axi_str_slv_driver.sv(104) @ 165000: uvm_test_top.slave_uvc.slave_agent[2].slave_drv [AXI_str_slv_driver]  : pkt size in  slave i = 16
# UVM_INFO ../ENV/SLAVE_AGENT/axi_str_slv_driver.sv(104) @ 165000: uvm_test_top.slave_uvc.slave_agent[1].slave_drv [AXI_str_slv_driver]  : pkt size in  slave i = 16
# UVM_INFO ../ENV/SLAVE_AGENT/axi_str_slv_driver.sv(104) @ 165000: uvm_test_top.slave_uvc.slave_agent[0].slave_drv [AXI_str_slv_driver]  : pkt size in  slave i = 16
# UVM_INFO ../ENV/SLAVE_AGENT/axi_str_slv_monitor.sv(118) @ 165000: uvm_test_top.slave_uvc.slave_agent[2].slave_mon [SLV_COLLECT_PKT_TIME]  : pkt_start_time_ps =165000.000000, pkt_start_time_prev_ps = 75000.000000, pkt_start_time_diff_ps = 10000.000000
# UVM_INFO ../ENV/SLAVE_AGENT/axi_str_slv_monitor.sv(92) @ 165000: uvm_test_top.slave_uvc.slave_agent[2].slave_mon [AXI_str_slv_mon]  : data : 2831880218
# UVM_INFO ../ENV/SLAVE_AGENT/axi_str_slv_monitor.sv(118) @ 165000: uvm_test_top.slave_uvc.slave_agent[1].slave_mon [SLV_COLLECT_PKT_TIME]  : pkt_start_time_ps =165000.000000, pkt_start_time_prev_ps = 75000.000000, pkt_start_time_diff_ps = 10000.000000
# UVM_INFO ../ENV/SLAVE_AGENT/axi_str_slv_monitor.sv(92) @ 165000: uvm_test_top.slave_uvc.slave_agent[1].slave_mon [AXI_str_slv_mon]  : data : 2831880218
# UVM_INFO ../ENV/SLAVE_AGENT/axi_str_slv_monitor.sv(118) @ 165000: uvm_test_top.slave_uvc.slave_agent[0].slave_mon [SLV_COLLECT_PKT_TIME]  : pkt_start_time_ps =165000.000000, pkt_start_time_prev_ps = 75000.000000, pkt_start_time_diff_ps = 10000.000000
# UVM_INFO ../ENV/SLAVE_AGENT/axi_str_slv_monitor.sv(92) @ 165000: uvm_test_top.slave_uvc.slave_agent[0].slave_mon [AXI_str_slv_mon]  : data : 2831880218
# UVM_INFO ../ENV/MASTER_AGENT/axi_str_mas_driver.sv(125) @ 165000: uvm_test_top.master_uvc.master_agent[0].master_drv [AXI_str_driver]  : n_cycle_dly=0
# UVM_INFO ../ENV/MASTER_AGENT/axi_str_mas_driver.sv(129) @ 165000: uvm_test_top.master_uvc.master_agent[0].master_drv [AXI_str_driver]  : n_cycle_dly=0
# ** Warning: (vsim-PLI-3070) $sformatf : Too many arguments.
#    Time: 165 ns  Iteration: 2  Process: /axi_str_mas_pkg::axi_str_mas_driver #(32, 32)::run_phase/#FORK#56_7fefec265bf File: ../ENV/MASTER_AGENT/axi_str_mas_driver.sv Line: 138
# UVM_INFO ../ENV/MASTER_AGENT/axi_str_mas_driver.sv(138) @ 165000: uvm_test_top.master_uvc.master_agent[0].master_drv [tdata_q_axi_str] ¥ : DEBUG : [1]vif.tdata_q : 89bb6e29
# UVM_INFO ../ENV/MASTER_AGENT/axi_str_mas_monitor.sv(122) @ 165000: uvm_test_top.master_uvc.master_agent[0].master_mon [COLLECT_PKT_TIME]  : pkt_start_time_ps =165000.000000, pkt_start_time_prev_ps = 75000.000000, pkt_start_time_diff_ps = 90000.000000
# UVM_INFO ../ENV/MASTER_AGENT/axi_str_mas_monitor.sv(95) @ 165000: uvm_test_top.master_uvc.master_agent[0].master_mon [AXI_str_mon]  : data : 2831880218
# UVM_INFO ../ENV/MASTER_AGENT/axi_str_mas_monitor.sv(122) @ 165000: uvm_test_top.master_uvc.master_agent[1].master_mon [COLLECT_PKT_TIME]  : pkt_start_time_ps =165000.000000, pkt_start_time_prev_ps = 75000.000000, pkt_start_time_diff_ps = 90000.000000
# UVM_INFO ../ENV/MASTER_AGENT/axi_str_mas_monitor.sv(95) @ 165000: uvm_test_top.master_uvc.master_agent[1].master_mon [AXI_str_mon]  : data : 2831880218
# UVM_INFO ../ENV/MASTER_AGENT/axi_str_mas_monitor.sv(122) @ 165000: uvm_test_top.master_uvc.master_agent[2].master_mon [COLLECT_PKT_TIME]  : pkt_start_time_ps =165000.000000, pkt_start_time_prev_ps = 75000.000000, pkt_start_time_diff_ps = 90000.000000
# UVM_INFO ../ENV/MASTER_AGENT/axi_str_mas_monitor.sv(95) @ 165000: uvm_test_top.master_uvc.master_agent[2].master_mon [AXI_str_mon]  : data : 2831880218
# UVM_INFO ../ENV/SLAVE_AGENT/axi_str_slv_driver.sv(104) @ 175000: uvm_test_top.slave_uvc.slave_agent[0].slave_drv [AXI_str_slv_driver]  : pkt size in  slave i = 17
# UVM_INFO ../ENV/SLAVE_AGENT/axi_str_slv_driver.sv(104) @ 175000: uvm_test_top.slave_uvc.slave_agent[1].slave_drv [AXI_str_slv_driver]  : pkt size in  slave i = 17
# UVM_INFO ../ENV/SLAVE_AGENT/axi_str_slv_driver.sv(104) @ 175000: uvm_test_top.slave_uvc.slave_agent[2].slave_drv [AXI_str_slv_driver]  : pkt size in  slave i = 17
# UVM_INFO ../ENV/SLAVE_AGENT/axi_str_slv_monitor.sv(92) @ 175000: uvm_test_top.slave_uvc.slave_agent[0].slave_mon [AXI_str_slv_mon]  : data : 2831880218 2310762025
# UVM_INFO ../ENV/SLAVE_AGENT/axi_str_slv_monitor.sv(92) @ 175000: uvm_test_top.slave_uvc.slave_agent[1].slave_mon [AXI_str_slv_mon]  : data : 2831880218 2310762025
# UVM_INFO ../ENV/SLAVE_AGENT/axi_str_slv_monitor.sv(92) @ 175000: uvm_test_top.slave_uvc.slave_agent[2].slave_mon [AXI_str_slv_mon]  : data : 2831880218 2310762025
# UVM_INFO ../ENV/MASTER_AGENT/axi_str_mas_driver.sv(125) @ 175000: uvm_test_top.master_uvc.master_agent[0].master_drv [AXI_str_driver]  : n_cycle_dly=0
# UVM_INFO ../ENV/MASTER_AGENT/axi_str_mas_driver.sv(129) @ 175000: uvm_test_top.master_uvc.master_agent[0].master_drv [AXI_str_driver]  : n_cycle_dly=0
# ** Warning: (vsim-PLI-3070) $sformatf : Too many arguments.
#    Time: 175 ns  Iteration: 2  Process: /axi_str_mas_pkg::axi_str_mas_driver #(32, 32)::run_phase/#FORK#56_7fefec265bf File: ../ENV/MASTER_AGENT/axi_str_mas_driver.sv Line: 138
# UVM_INFO ../ENV/MASTER_AGENT/axi_str_mas_driver.sv(138) @ 175000: uvm_test_top.master_uvc.master_agent[0].master_drv [tdata_q_axi_str] ¯ : DEBUG : [2]vif.tdata_q : 85165822
# UVM_INFO ../ENV/MASTER_AGENT/axi_str_mas_monitor.sv(95) @ 175000: uvm_test_top.master_uvc.master_agent[2].master_mon [AXI_str_mon]  : data : 2831880218 2310762025
# UVM_INFO ../ENV/MASTER_AGENT/axi_str_mas_monitor.sv(95) @ 175000: uvm_test_top.master_uvc.master_agent[1].master_mon [AXI_str_mon]  : data : 2831880218 2310762025
# UVM_INFO ../ENV/MASTER_AGENT/axi_str_mas_monitor.sv(95) @ 175000: uvm_test_top.master_uvc.master_agent[0].master_mon [AXI_str_mon]  : data : 2831880218 2310762025
# UVM_INFO ../ENV/SLAVE_AGENT/axi_str_slv_driver.sv(104) @ 185000: uvm_test_top.slave_uvc.slave_agent[2].slave_drv [AXI_str_slv_driver]  : pkt size in  slave i = 18
# UVM_INFO ../ENV/SLAVE_AGENT/axi_str_slv_driver.sv(104) @ 185000: uvm_test_top.slave_uvc.slave_agent[1].slave_drv [AXI_str_slv_driver]  : pkt size in  slave i = 18
# UVM_INFO ../ENV/SLAVE_AGENT/axi_str_slv_driver.sv(104) @ 185000: uvm_test_top.slave_uvc.slave_agent[0].slave_drv [AXI_str_slv_driver]  : pkt size in  slave i = 18
# UVM_INFO ../ENV/SLAVE_AGENT/axi_str_slv_monitor.sv(92) @ 185000: uvm_test_top.slave_uvc.slave_agent[2].slave_mon [AXI_str_slv_mon]  : data : 2831880218 2310762025 2232834082
# UVM_INFO ../ENV/SLAVE_AGENT/axi_str_slv_monitor.sv(92) @ 185000: uvm_test_top.slave_uvc.slave_agent[1].slave_mon [AXI_str_slv_mon]  : data : 2831880218 2310762025 2232834082
# UVM_INFO ../ENV/SLAVE_AGENT/axi_str_slv_monitor.sv(92) @ 185000: uvm_test_top.slave_uvc.slave_agent[0].slave_mon [AXI_str_slv_mon]  : data : 2831880218 2310762025 2232834082
# UVM_INFO ../ENV/MASTER_AGENT/axi_str_mas_driver.sv(125) @ 185000: uvm_test_top.master_uvc.master_agent[0].master_drv [AXI_str_driver]  : n_cycle_dly=0
# UVM_INFO ../ENV/MASTER_AGENT/axi_str_mas_driver.sv(129) @ 185000: uvm_test_top.master_uvc.master_agent[0].master_drv [AXI_str_driver]  : n_cycle_dly=0
# ** Warning: (vsim-PLI-3070) $sformatf : Too many arguments.
#    Time: 185 ns  Iteration: 2  Process: /axi_str_mas_pkg::axi_str_mas_driver #(32, 32)::run_phase/#FORK#56_7fefec265bf File: ../ENV/MASTER_AGENT/axi_str_mas_driver.sv Line: 138
# UVM_INFO ../ENV/MASTER_AGENT/axi_str_mas_driver.sv(138) @ 185000: uvm_test_top.master_uvc.master_agent[0].master_drv [tdata_q_axi_str] ¹ : DEBUG : [3]vif.tdata_q : 34642c05
# UVM_INFO ../ENV/MASTER_AGENT/axi_str_mas_monitor.sv(95) @ 185000: uvm_test_top.master_uvc.master_agent[0].master_mon [AXI_str_mon]  : data : 2831880218 2310762025 2232834082
# UVM_INFO ../ENV/MASTER_AGENT/axi_str_mas_monitor.sv(95) @ 185000: uvm_test_top.master_uvc.master_agent[1].master_mon [AXI_str_mon]  : data : 2831880218 2310762025 2232834082
# UVM_INFO ../ENV/MASTER_AGENT/axi_str_mas_monitor.sv(95) @ 185000: uvm_test_top.master_uvc.master_agent[2].master_mon [AXI_str_mon]  : data : 2831880218 2310762025 2232834082
# UVM_INFO ../ENV/SLAVE_AGENT/axi_str_slv_driver.sv(104) @ 195000: uvm_test_top.slave_uvc.slave_agent[0].slave_drv [AXI_str_slv_driver]  : pkt size in  slave i = 19
# UVM_INFO ../ENV/SLAVE_AGENT/axi_str_slv_driver.sv(104) @ 195000: uvm_test_top.slave_uvc.slave_agent[1].slave_drv [AXI_str_slv_driver]  : pkt size in  slave i = 19
# UVM_INFO ../ENV/SLAVE_AGENT/axi_str_slv_driver.sv(104) @ 195000: uvm_test_top.slave_uvc.slave_agent[2].slave_drv [AXI_str_slv_driver]  : pkt size in  slave i = 19
# UVM_INFO ../ENV/SLAVE_AGENT/axi_str_slv_monitor.sv(92) @ 195000: uvm_test_top.slave_uvc.slave_agent[0].slave_mon [AXI_str_slv_mon]  : data : 2831880218 2310762025 2232834082 878980101
# UVM_INFO ../ENV/SLAVE_AGENT/axi_str_slv_monitor.sv(92) @ 195000: uvm_test_top.slave_uvc.slave_agent[1].slave_mon [AXI_str_slv_mon]  : data : 2831880218 2310762025 2232834082 878980101
# UVM_INFO ../ENV/SLAVE_AGENT/axi_str_slv_monitor.sv(92) @ 195000: uvm_test_top.slave_uvc.slave_agent[2].slave_mon [AXI_str_slv_mon]  : data : 2831880218 2310762025 2232834082 878980101
# UVM_INFO ../ENV/MASTER_AGENT/axi_str_mas_driver.sv(125) @ 195000: uvm_test_top.master_uvc.master_agent[0].master_drv [AXI_str_driver]  : n_cycle_dly=0
# UVM_INFO ../ENV/MASTER_AGENT/axi_str_mas_driver.sv(129) @ 195000: uvm_test_top.master_uvc.master_agent[0].master_drv [AXI_str_driver]  : n_cycle_dly=0
# ** Warning: (vsim-PLI-3070) $sformatf : Too many arguments.
#    Time: 195 ns  Iteration: 2  Process: /axi_str_mas_pkg::axi_str_mas_driver #(32, 32)::run_phase/#FORK#56_7fefec265bf File: ../ENV/MASTER_AGENT/axi_str_mas_driver.sv Line: 138
# UVM_INFO ../ENV/MASTER_AGENT/axi_str_mas_driver.sv(138) @ 195000: uvm_test_top.master_uvc.master_agent[0].master_drv [tdata_q_axi_str] Ã : DEBUG : [4]vif.tdata_q : 690d770e
# UVM_INFO ../ENV/MASTER_AGENT/axi_str_mas_monitor.sv(95) @ 195000: uvm_test_top.master_uvc.master_agent[2].master_mon [AXI_str_mon]  : data : 2831880218 2310762025 2232834082 878980101
# UVM_INFO ../ENV/MASTER_AGENT/axi_str_mas_monitor.sv(95) @ 195000: uvm_test_top.master_uvc.master_agent[1].master_mon [AXI_str_mon]  : data : 2831880218 2310762025 2232834082 878980101
# UVM_INFO ../ENV/MASTER_AGENT/axi_str_mas_monitor.sv(95) @ 195000: uvm_test_top.master_uvc.master_agent[0].master_mon [AXI_str_mon]  : data : 2831880218 2310762025 2232834082 878980101
# UVM_INFO ../ENV/SLAVE_AGENT/axi_str_slv_driver.sv(104) @ 205000: uvm_test_top.slave_uvc.slave_agent[2].slave_drv [AXI_str_slv_driver]  : pkt size in  slave i = 20
# UVM_INFO ../ENV/SLAVE_AGENT/axi_str_slv_driver.sv(104) @ 205000: uvm_test_top.slave_uvc.slave_agent[1].slave_drv [AXI_str_slv_driver]  : pkt size in  slave i = 20
# UVM_INFO ../ENV/SLAVE_AGENT/axi_str_slv_driver.sv(104) @ 205000: uvm_test_top.slave_uvc.slave_agent[0].slave_drv [AXI_str_slv_driver]  : pkt size in  slave i = 20
# UVM_INFO ../ENV/SLAVE_AGENT/axi_str_slv_monitor.sv(92) @ 205000: uvm_test_top.slave_uvc.slave_agent[2].slave_mon [AXI_str_slv_mon]  : data : 2831880218 2310762025 2232834082 878980101 1762490126
# UVM_INFO ../ENV/SLAVE_AGENT/axi_str_slv_monitor.sv(92) @ 205000: uvm_test_top.slave_uvc.slave_agent[1].slave_mon [AXI_str_slv_mon]  : data : 2831880218 2310762025 2232834082 878980101 1762490126
# UVM_INFO ../ENV/SLAVE_AGENT/axi_str_slv_monitor.sv(92) @ 205000: uvm_test_top.slave_uvc.slave_agent[0].slave_mon [AXI_str_slv_mon]  : data : 2831880218 2310762025 2232834082 878980101 1762490126
# UVM_INFO ../ENV/MASTER_AGENT/axi_str_mas_driver.sv(125) @ 205000: uvm_test_top.master_uvc.master_agent[0].master_drv [AXI_str_driver]  : n_cycle_dly=0
# UVM_INFO ../ENV/MASTER_AGENT/axi_str_mas_driver.sv(129) @ 205000: uvm_test_top.master_uvc.master_agent[0].master_drv [AXI_str_driver]  : n_cycle_dly=0
# ** Warning: (vsim-PLI-3070) $sformatf : Too many arguments.
#    Time: 205 ns  Iteration: 2  Process: /axi_str_mas_pkg::axi_str_mas_driver #(32, 32)::run_phase/#FORK#56_7fefec265bf File: ../ENV/MASTER_AGENT/axi_str_mas_driver.sv Line: 138
# UVM_INFO ../ENV/MASTER_AGENT/axi_str_mas_driver.sv(138) @ 205000: uvm_test_top.master_uvc.master_agent[0].master_drv [tdata_q_axi_str] Í : DEBUG : [5]vif.tdata_q : 8ef9c51b
# UVM_INFO ../ENV/MASTER_AGENT/axi_str_mas_monitor.sv(95) @ 205000: uvm_test_top.master_uvc.master_agent[0].master_mon [AXI_str_mon]  : data : 2831880218 2310762025 2232834082 878980101 1762490126
# UVM_INFO ../ENV/MASTER_AGENT/axi_str_mas_monitor.sv(95) @ 205000: uvm_test_top.master_uvc.master_agent[1].master_mon [AXI_str_mon]  : data : 2831880218 2310762025 2232834082 878980101 1762490126
# UVM_INFO ../ENV/MASTER_AGENT/axi_str_mas_monitor.sv(95) @ 205000: uvm_test_top.master_uvc.master_agent[2].master_mon [AXI_str_mon]  : data : 2831880218 2310762025 2232834082 878980101 1762490126
# UVM_INFO ../ENV/SLAVE_AGENT/axi_str_slv_driver.sv(104) @ 215000: uvm_test_top.slave_uvc.slave_agent[0].slave_drv [AXI_str_slv_driver]  : pkt size in  slave i = 21
# UVM_INFO ../ENV/SLAVE_AGENT/axi_str_slv_driver.sv(104) @ 215000: uvm_test_top.slave_uvc.slave_agent[1].slave_drv [AXI_str_slv_driver]  : pkt size in  slave i = 21
# UVM_INFO ../ENV/SLAVE_AGENT/axi_str_slv_driver.sv(104) @ 215000: uvm_test_top.slave_uvc.slave_agent[2].slave_drv [AXI_str_slv_driver]  : pkt size in  slave i = 21
# UVM_INFO ../ENV/SLAVE_AGENT/axi_str_slv_monitor.sv(92) @ 215000: uvm_test_top.slave_uvc.slave_agent[0].slave_mon [AXI_str_slv_mon]  : data : 2831880218 2310762025 2232834082 878980101 1762490126 2398733595
# UVM_INFO ../ENV/SLAVE_AGENT/axi_str_slv_monitor.sv(92) @ 215000: uvm_test_top.slave_uvc.slave_agent[1].slave_mon [AXI_str_slv_mon]  : data : 2831880218 2310762025 2232834082 878980101 1762490126 2398733595
# UVM_INFO ../ENV/SLAVE_AGENT/axi_str_slv_monitor.sv(92) @ 215000: uvm_test_top.slave_uvc.slave_agent[2].slave_mon [AXI_str_slv_mon]  : data : 2831880218 2310762025 2232834082 878980101 1762490126 2398733595
# UVM_INFO ../ENV/MASTER_AGENT/axi_str_mas_driver.sv(125) @ 215000: uvm_test_top.master_uvc.master_agent[0].master_drv [AXI_str_driver]  : n_cycle_dly=0
# UVM_INFO ../ENV/MASTER_AGENT/axi_str_mas_driver.sv(129) @ 215000: uvm_test_top.master_uvc.master_agent[0].master_drv [AXI_str_driver]  : n_cycle_dly=0
# ** Warning: (vsim-PLI-3070) $sformatf : Too many arguments.
#    Time: 215 ns  Iteration: 2  Process: /axi_str_mas_pkg::axi_str_mas_driver #(32, 32)::run_phase/#FORK#56_7fefec265bf File: ../ENV/MASTER_AGENT/axi_str_mas_driver.sv Line: 138
# UVM_INFO ../ENV/MASTER_AGENT/axi_str_mas_driver.sv(138) @ 215000: uvm_test_top.master_uvc.master_agent[0].master_drv [tdata_q_axi_str] × : DEBUG : [6]vif.tdata_q : 707d1625
# UVM_INFO ../ENV/MASTER_AGENT/axi_str_mas_monitor.sv(95) @ 215000: uvm_test_top.master_uvc.master_agent[2].master_mon [AXI_str_mon]  : data : 2831880218 2310762025 2232834082 878980101 1762490126 2398733595
# UVM_INFO ../ENV/MASTER_AGENT/axi_str_mas_monitor.sv(95) @ 215000: uvm_test_top.master_uvc.master_agent[1].master_mon [AXI_str_mon]  : data : 2831880218 2310762025 2232834082 878980101 1762490126 2398733595
# UVM_INFO ../ENV/MASTER_AGENT/axi_str_mas_monitor.sv(95) @ 215000: uvm_test_top.master_uvc.master_agent[0].master_mon [AXI_str_mon]  : data : 2831880218 2310762025 2232834082 878980101 1762490126 2398733595
# UVM_INFO ../ENV/SLAVE_AGENT/axi_str_slv_driver.sv(104) @ 225000: uvm_test_top.slave_uvc.slave_agent[2].slave_drv [AXI_str_slv_driver]  : pkt size in  slave i = 22
# UVM_INFO ../ENV/SLAVE_AGENT/axi_str_slv_driver.sv(104) @ 225000: uvm_test_top.slave_uvc.slave_agent[1].slave_drv [AXI_str_slv_driver]  : pkt size in  slave i = 22
# UVM_INFO ../ENV/SLAVE_AGENT/axi_str_slv_driver.sv(104) @ 225000: uvm_test_top.slave_uvc.slave_agent[0].slave_drv [AXI_str_slv_driver]  : pkt size in  slave i = 22
# UVM_INFO ../ENV/SLAVE_AGENT/axi_str_slv_monitor.sv(92) @ 225000: uvm_test_top.slave_uvc.slave_agent[2].slave_mon [AXI_str_slv_mon]  : data : 2831880218 2310762025 2232834082 878980101 1762490126 2398733595 1887245861
# UVM_INFO ../ENV/SLAVE_AGENT/axi_str_slv_monitor.sv(92) @ 225000: uvm_test_top.slave_uvc.slave_agent[1].slave_mon [AXI_str_slv_mon]  : data : 2831880218 2310762025 2232834082 878980101 1762490126 2398733595 1887245861
# UVM_INFO ../ENV/SLAVE_AGENT/axi_str_slv_monitor.sv(92) @ 225000: uvm_test_top.slave_uvc.slave_agent[0].slave_mon [AXI_str_slv_mon]  : data : 2831880218 2310762025 2232834082 878980101 1762490126 2398733595 1887245861
# UVM_INFO ../ENV/MASTER_AGENT/axi_str_mas_driver.sv(125) @ 225000: uvm_test_top.master_uvc.master_agent[0].master_drv [AXI_str_driver]  : n_cycle_dly=0
# UVM_INFO ../ENV/MASTER_AGENT/axi_str_mas_driver.sv(129) @ 225000: uvm_test_top.master_uvc.master_agent[0].master_drv [AXI_str_driver]  : n_cycle_dly=0
# ** Warning: (vsim-PLI-3070) $sformatf : Too many arguments.
#    Time: 225 ns  Iteration: 2  Process: /axi_str_mas_pkg::axi_str_mas_driver #(32, 32)::run_phase/#FORK#56_7fefec265bf File: ../ENV/MASTER_AGENT/axi_str_mas_driver.sv Line: 138
# UVM_INFO ../ENV/MASTER_AGENT/axi_str_mas_driver.sv(138) @ 225000: uvm_test_top.master_uvc.master_agent[0].master_drv [tdata_q_axi_str] á : DEBUG : [7]vif.tdata_q : 7f619400
# UVM_INFO ../ENV/MASTER_AGENT/axi_str_mas_monitor.sv(95) @ 225000: uvm_test_top.master_uvc.master_agent[0].master_mon [AXI_str_mon]  : data : 2831880218 2310762025 2232834082 878980101 1762490126 2398733595 1887245861
# UVM_INFO ../ENV/MASTER_AGENT/axi_str_mas_monitor.sv(95) @ 225000: uvm_test_top.master_uvc.master_agent[1].master_mon [AXI_str_mon]  : data : 2831880218 2310762025 2232834082 878980101 1762490126 2398733595 1887245861
# UVM_INFO ../ENV/MASTER_AGENT/axi_str_mas_monitor.sv(95) @ 225000: uvm_test_top.master_uvc.master_agent[2].master_mon [AXI_str_mon]  : data : 2831880218 2310762025 2232834082 878980101 1762490126 2398733595 1887245861
# UVM_INFO ../ENV/SLAVE_AGENT/axi_str_slv_driver.sv(104) @ 235000: uvm_test_top.slave_uvc.slave_agent[0].slave_drv [AXI_str_slv_driver]  : pkt size in  slave i = 23
# UVM_INFO ../ENV/SLAVE_AGENT/axi_str_slv_driver.sv(104) @ 235000: uvm_test_top.slave_uvc.slave_agent[1].slave_drv [AXI_str_slv_driver]  : pkt size in  slave i = 23
# UVM_INFO ../ENV/SLAVE_AGENT/axi_str_slv_driver.sv(104) @ 235000: uvm_test_top.slave_uvc.slave_agent[2].slave_drv [AXI_str_slv_driver]  : pkt size in  slave i = 23
# UVM_INFO ../ENV/SLAVE_AGENT/axi_str_slv_monitor.sv(92) @ 235000: uvm_test_top.slave_uvc.slave_agent[0].slave_mon [AXI_str_slv_mon]  : data : 2831880218 2310762025 2232834082 878980101 1762490126 2398733595 1887245861 2137101312
# UVM_INFO ../ENV/SLAVE_AGENT/axi_str_slv_monitor.sv(92) @ 235000: uvm_test_top.slave_uvc.slave_agent[1].slave_mon [AXI_str_slv_mon]  : data : 2831880218 2310762025 2232834082 878980101 1762490126 2398733595 1887245861 2137101312
# UVM_INFO ../ENV/SLAVE_AGENT/axi_str_slv_monitor.sv(92) @ 235000: uvm_test_top.slave_uvc.slave_agent[2].slave_mon [AXI_str_slv_mon]  : data : 2831880218 2310762025 2232834082 878980101 1762490126 2398733595 1887245861 2137101312
# UVM_INFO ../ENV/MASTER_AGENT/axi_str_mas_driver.sv(125) @ 235000: uvm_test_top.master_uvc.master_agent[0].master_drv [AXI_str_driver]  : n_cycle_dly=0
# UVM_INFO ../ENV/MASTER_AGENT/axi_str_mas_driver.sv(129) @ 235000: uvm_test_top.master_uvc.master_agent[0].master_drv [AXI_str_driver]  : n_cycle_dly=0
# ** Warning: (vsim-PLI-3070) $sformatf : Too many arguments.
#    Time: 235 ns  Iteration: 2  Process: /axi_str_mas_pkg::axi_str_mas_driver #(32, 32)::run_phase/#FORK#56_7fefec265bf File: ../ENV/MASTER_AGENT/axi_str_mas_driver.sv Line: 138
# UVM_INFO ../ENV/MASTER_AGENT/axi_str_mas_driver.sv(138) @ 235000: uvm_test_top.master_uvc.master_agent[0].master_drv [tdata_q_axi_str] ë : DEBUG : [8]vif.tdata_q : de10c975
# UVM_INFO ../ENV/MASTER_AGENT/axi_str_mas_monitor.sv(95) @ 235000: uvm_test_top.master_uvc.master_agent[2].master_mon [AXI_str_mon]  : data : 2831880218 2310762025 2232834082 878980101 1762490126 2398733595 1887245861 2137101312
# UVM_INFO ../ENV/MASTER_AGENT/axi_str_mas_monitor.sv(95) @ 235000: uvm_test_top.master_uvc.master_agent[1].master_mon [AXI_str_mon]  : data : 2831880218 2310762025 2232834082 878980101 1762490126 2398733595 1887245861 2137101312
# UVM_INFO ../ENV/MASTER_AGENT/axi_str_mas_monitor.sv(95) @ 235000: uvm_test_top.master_uvc.master_agent[0].master_mon [AXI_str_mon]  : data : 2831880218 2310762025 2232834082 878980101 1762490126 2398733595 1887245861 2137101312
# UVM_INFO ../ENV/SLAVE_AGENT/axi_str_slv_driver.sv(104) @ 245000: uvm_test_top.slave_uvc.slave_agent[2].slave_drv [AXI_str_slv_driver]  : pkt size in  slave i = 24
# UVM_INFO ../ENV/SLAVE_AGENT/axi_str_slv_driver.sv(104) @ 245000: uvm_test_top.slave_uvc.slave_agent[1].slave_drv [AXI_str_slv_driver]  : pkt size in  slave i = 24
# UVM_INFO ../ENV/SLAVE_AGENT/axi_str_slv_driver.sv(104) @ 245000: uvm_test_top.slave_uvc.slave_agent[0].slave_drv [AXI_str_slv_driver]  : pkt size in  slave i = 24
# UVM_INFO ../ENV/SLAVE_AGENT/axi_str_slv_monitor.sv(92) @ 245000: uvm_test_top.slave_uvc.slave_agent[2].slave_mon [AXI_str_slv_mon]  : data : 2831880218 2310762025 2232834082 878980101 1762490126 2398733595 1887245861 2137101312 3725642101
# UVM_INFO ../ENV/SLAVE_AGENT/axi_str_slv_monitor.sv(92) @ 245000: uvm_test_top.slave_uvc.slave_agent[1].slave_mon [AXI_str_slv_mon]  : data : 2831880218 2310762025 2232834082 878980101 1762490126 2398733595 1887245861 2137101312 3725642101
# UVM_INFO ../ENV/SLAVE_AGENT/axi_str_slv_monitor.sv(92) @ 245000: uvm_test_top.slave_uvc.slave_agent[0].slave_mon [AXI_str_slv_mon]  : data : 2831880218 2310762025 2232834082 878980101 1762490126 2398733595 1887245861 2137101312 3725642101
# UVM_INFO ../ENV/MASTER_AGENT/axi_str_mas_driver.sv(125) @ 245000: uvm_test_top.master_uvc.master_agent[0].master_drv [AXI_str_driver]  : n_cycle_dly=0
# UVM_INFO ../ENV/MASTER_AGENT/axi_str_mas_driver.sv(129) @ 245000: uvm_test_top.master_uvc.master_agent[0].master_drv [AXI_str_driver]  : n_cycle_dly=0
# ** Warning: (vsim-PLI-3070) $sformatf : Too many arguments.
#    Time: 245 ns  Iteration: 2  Process: /axi_str_mas_pkg::axi_str_mas_driver #(32, 32)::run_phase/#FORK#56_7fefec265bf File: ../ENV/MASTER_AGENT/axi_str_mas_driver.sv Line: 138
# UVM_INFO ../ENV/MASTER_AGENT/axi_str_mas_driver.sv(138) @ 245000: uvm_test_top.master_uvc.master_agent[0].master_drv [tdata_q_axi_str] õ : DEBUG : [9]vif.tdata_q : 4c5dc9ab
# UVM_INFO ../ENV/MASTER_AGENT/axi_str_mas_monitor.sv(95) @ 245000: uvm_test_top.master_uvc.master_agent[0].master_mon [AXI_str_mon]  : data : 2831880218 2310762025 2232834082 878980101 1762490126 2398733595 1887245861 2137101312 3725642101
# UVM_INFO ../ENV/MASTER_AGENT/axi_str_mas_monitor.sv(95) @ 245000: uvm_test_top.master_uvc.master_agent[1].master_mon [AXI_str_mon]  : data : 2831880218 2310762025 2232834082 878980101 1762490126 2398733595 1887245861 2137101312 3725642101
# UVM_INFO ../ENV/MASTER_AGENT/axi_str_mas_monitor.sv(95) @ 245000: uvm_test_top.master_uvc.master_agent[2].master_mon [AXI_str_mon]  : data : 2831880218 2310762025 2232834082 878980101 1762490126 2398733595 1887245861 2137101312 3725642101
# UVM_INFO ../ENV/SLAVE_AGENT/axi_str_slv_driver.sv(104) @ 255000: uvm_test_top.slave_uvc.slave_agent[0].slave_drv [AXI_str_slv_driver]  : pkt size in  slave i = 25
# UVM_INFO ../ENV/SLAVE_AGENT/axi_str_slv_driver.sv(104) @ 255000: uvm_test_top.slave_uvc.slave_agent[1].slave_drv [AXI_str_slv_driver]  : pkt size in  slave i = 25
# UVM_INFO ../ENV/SLAVE_AGENT/axi_str_slv_driver.sv(104) @ 255000: uvm_test_top.slave_uvc.slave_agent[2].slave_drv [AXI_str_slv_driver]  : pkt size in  slave i = 25
# UVM_INFO ../ENV/SLAVE_AGENT/axi_str_slv_monitor.sv(92) @ 255000: uvm_test_top.slave_uvc.slave_agent[0].slave_mon [AXI_str_slv_mon]  : data : 2831880218 2310762025 2232834082 878980101 1762490126 2398733595 1887245861 2137101312 3725642101 1281214891
# UVM_INFO ../ENV/SLAVE_AGENT/axi_str_slv_monitor.sv(92) @ 255000: uvm_test_top.slave_uvc.slave_agent[1].slave_mon [AXI_str_slv_mon]  : data : 2831880218 2310762025 2232834082 878980101 1762490126 2398733595 1887245861 2137101312 3725642101 1281214891
# UVM_INFO ../ENV/SLAVE_AGENT/axi_str_slv_monitor.sv(92) @ 255000: uvm_test_top.slave_uvc.slave_agent[2].slave_mon [AXI_str_slv_mon]  : data : 2831880218 2310762025 2232834082 878980101 1762490126 2398733595 1887245861 2137101312 3725642101 1281214891
# UVM_INFO ../ENV/MASTER_AGENT/axi_str_mas_driver.sv(125) @ 255000: uvm_test_top.master_uvc.master_agent[0].master_drv [AXI_str_driver]  : n_cycle_dly=0
# UVM_INFO ../ENV/MASTER_AGENT/axi_str_mas_driver.sv(129) @ 255000: uvm_test_top.master_uvc.master_agent[0].master_drv [AXI_str_driver]  : n_cycle_dly=0
# ** Warning: (vsim-PLI-3070) $sformatf : Too many arguments.
#    Time: 255 ns  Iteration: 2  Process: /axi_str_mas_pkg::axi_str_mas_driver #(32, 32)::run_phase/#FORK#56_7fefec265bf File: ../ENV/MASTER_AGENT/axi_str_mas_driver.sv Line: 138
# UVM_INFO ../ENV/MASTER_AGENT/axi_str_mas_driver.sv(138) @ 255000: uvm_test_top.master_uvc.master_agent[0].master_drv [tdata_q_axi_str] ÿ : DEBUG : [10]vif.tdata_q : 1f51a76
# UVM_INFO ../ENV/MASTER_AGENT/axi_str_mas_monitor.sv(95) @ 255000: uvm_test_top.master_uvc.master_agent[2].master_mon [AXI_str_mon]  : data : 2831880218 2310762025 2232834082 878980101 1762490126 2398733595 1887245861 2137101312 3725642101 1281214891
# UVM_INFO ../ENV/MASTER_AGENT/axi_str_mas_monitor.sv(95) @ 255000: uvm_test_top.master_uvc.master_agent[1].master_mon [AXI_str_mon]  : data : 2831880218 2310762025 2232834082 878980101 1762490126 2398733595 1887245861 2137101312 3725642101 1281214891
# UVM_INFO ../ENV/MASTER_AGENT/axi_str_mas_monitor.sv(95) @ 255000: uvm_test_top.master_uvc.master_agent[0].master_mon [AXI_str_mon]  : data : 2831880218 2310762025 2232834082 878980101 1762490126 2398733595 1887245861 2137101312 3725642101 1281214891
# UVM_INFO ../ENV/SLAVE_AGENT/axi_str_slv_driver.sv(104) @ 265000: uvm_test_top.slave_uvc.slave_agent[2].slave_drv [AXI_str_slv_driver]  : pkt size in  slave i = 26
# UVM_INFO ../ENV/SLAVE_AGENT/axi_str_slv_driver.sv(104) @ 265000: uvm_test_top.slave_uvc.slave_agent[1].slave_drv [AXI_str_slv_driver]  : pkt size in  slave i = 26
# UVM_INFO ../ENV/SLAVE_AGENT/axi_str_slv_driver.sv(104) @ 265000: uvm_test_top.slave_uvc.slave_agent[0].slave_drv [AXI_str_slv_driver]  : pkt size in  slave i = 26
# UVM_INFO ../ENV/SLAVE_AGENT/axi_str_slv_monitor.sv(92) @ 265000: uvm_test_top.slave_uvc.slave_agent[2].slave_mon [AXI_str_slv_mon]  : data : 2831880218 2310762025 2232834082 878980101 1762490126 2398733595 1887245861 2137101312 3725642101 1281214891 32840310
# UVM_INFO ../ENV/SLAVE_AGENT/axi_str_slv_monitor.sv(92) @ 265000: uvm_test_top.slave_uvc.slave_agent[1].slave_mon [AXI_str_slv_mon]  : data : 2831880218 2310762025 2232834082 878980101 1762490126 2398733595 1887245861 2137101312 3725642101 1281214891 32840310
# UVM_INFO ../ENV/SLAVE_AGENT/axi_str_slv_monitor.sv(92) @ 265000: uvm_test_top.slave_uvc.slave_agent[0].slave_mon [AXI_str_slv_mon]  : data : 2831880218 2310762025 2232834082 878980101 1762490126 2398733595 1887245861 2137101312 3725642101 1281214891 32840310
# UVM_INFO ../ENV/MASTER_AGENT/axi_str_mas_driver.sv(125) @ 265000: uvm_test_top.master_uvc.master_agent[0].master_drv [AXI_str_driver]  : n_cycle_dly=0
# UVM_INFO ../ENV/MASTER_AGENT/axi_str_mas_driver.sv(129) @ 265000: uvm_test_top.master_uvc.master_agent[0].master_drv [AXI_str_driver]  : n_cycle_dly=0
# ** Warning: (vsim-PLI-3070) $sformatf : Too many arguments.
#    Time: 265 ns  Iteration: 2  Process: /axi_str_mas_pkg::axi_str_mas_driver #(32, 32)::run_phase/#FORK#56_7fefec265bf File: ../ENV/MASTER_AGENT/axi_str_mas_driver.sv Line: 138
# UVM_INFO ../ENV/MASTER_AGENT/axi_str_mas_driver.sv(138) @ 265000: uvm_test_top.master_uvc.master_agent[0].master_drv [tdata_q_axi_str] 	 : DEBUG : [11]vif.tdata_q : 779ba42d
# UVM_INFO ../ENV/MASTER_AGENT/axi_str_mas_monitor.sv(95) @ 265000: uvm_test_top.master_uvc.master_agent[0].master_mon [AXI_str_mon]  : data : 2831880218 2310762025 2232834082 878980101 1762490126 2398733595 1887245861 2137101312 3725642101 1281214891 32840310
# UVM_INFO ../ENV/MASTER_AGENT/axi_str_mas_monitor.sv(95) @ 265000: uvm_test_top.master_uvc.master_agent[1].master_mon [AXI_str_mon]  : data : 2831880218 2310762025 2232834082 878980101 1762490126 2398733595 1887245861 2137101312 3725642101 1281214891 32840310
# UVM_INFO ../ENV/MASTER_AGENT/axi_str_mas_monitor.sv(95) @ 265000: uvm_test_top.master_uvc.master_agent[2].master_mon [AXI_str_mon]  : data : 2831880218 2310762025 2232834082 878980101 1762490126 2398733595 1887245861 2137101312 3725642101 1281214891 32840310
# UVM_INFO ../ENV/SLAVE_AGENT/axi_str_slv_driver.sv(104) @ 275000: uvm_test_top.slave_uvc.slave_agent[0].slave_drv [AXI_str_slv_driver]  : pkt size in  slave i = 27
# UVM_INFO ../ENV/SLAVE_AGENT/axi_str_slv_driver.sv(104) @ 275000: uvm_test_top.slave_uvc.slave_agent[1].slave_drv [AXI_str_slv_driver]  : pkt size in  slave i = 27
# UVM_INFO ../ENV/SLAVE_AGENT/axi_str_slv_driver.sv(104) @ 275000: uvm_test_top.slave_uvc.slave_agent[2].slave_drv [AXI_str_slv_driver]  : pkt size in  slave i = 27
# UVM_INFO ../ENV/SLAVE_AGENT/axi_str_slv_monitor.sv(92) @ 275000: uvm_test_top.slave_uvc.slave_agent[0].slave_mon [AXI_str_slv_mon]  : data : 2831880218 2310762025 2232834082 878980101 1762490126 2398733595 1887245861 2137101312 3725642101 1281214891 32840310 2006688813
# UVM_INFO ../ENV/SLAVE_AGENT/axi_str_slv_monitor.sv(92) @ 275000: uvm_test_top.slave_uvc.slave_agent[1].slave_mon [AXI_str_slv_mon]  : data : 2831880218 2310762025 2232834082 878980101 1762490126 2398733595 1887245861 2137101312 3725642101 1281214891 32840310 2006688813
# UVM_INFO ../ENV/SLAVE_AGENT/axi_str_slv_monitor.sv(92) @ 275000: uvm_test_top.slave_uvc.slave_agent[2].slave_mon [AXI_str_slv_mon]  : data : 2831880218 2310762025 2232834082 878980101 1762490126 2398733595 1887245861 2137101312 3725642101 1281214891 32840310 2006688813
# UVM_INFO ../ENV/MASTER_AGENT/axi_str_mas_driver.sv(125) @ 275000: uvm_test_top.master_uvc.master_agent[0].master_drv [AXI_str_driver]  : n_cycle_dly=0
# UVM_INFO ../ENV/MASTER_AGENT/axi_str_mas_driver.sv(129) @ 275000: uvm_test_top.master_uvc.master_agent[0].master_drv [AXI_str_driver]  : n_cycle_dly=0
# ** Warning: (vsim-PLI-3070) $sformatf : Too many arguments.
#    Time: 275 ns  Iteration: 2  Process: /axi_str_mas_pkg::axi_str_mas_driver #(32, 32)::run_phase/#FORK#56_7fefec265bf File: ../ENV/MASTER_AGENT/axi_str_mas_driver.sv Line: 138
# UVM_INFO ../ENV/MASTER_AGENT/axi_str_mas_driver.sv(138) @ 275000: uvm_test_top.master_uvc.master_agent[0].master_drv [tdata_q_axi_str]  : DEBUG : [12]vif.tdata_q : 194bc829
# UVM_INFO ../ENV/MASTER_AGENT/axi_str_mas_monitor.sv(95) @ 275000: uvm_test_top.master_uvc.master_agent[2].master_mon [AXI_str_mon]  : data : 2831880218 2310762025 2232834082 878980101 1762490126 2398733595 1887245861 2137101312 3725642101 1281214891 32840310 2006688813
# UVM_INFO ../ENV/MASTER_AGENT/axi_str_mas_monitor.sv(95) @ 275000: uvm_test_top.master_uvc.master_agent[1].master_mon [AXI_str_mon]  : data : 2831880218 2310762025 2232834082 878980101 1762490126 2398733595 1887245861 2137101312 3725642101 1281214891 32840310 2006688813
# UVM_INFO ../ENV/MASTER_AGENT/axi_str_mas_monitor.sv(95) @ 275000: uvm_test_top.master_uvc.master_agent[0].master_mon [AXI_str_mon]  : data : 2831880218 2310762025 2232834082 878980101 1762490126 2398733595 1887245861 2137101312 3725642101 1281214891 32840310 2006688813
# UVM_INFO ../ENV/SLAVE_AGENT/axi_str_slv_driver.sv(104) @ 285000: uvm_test_top.slave_uvc.slave_agent[2].slave_drv [AXI_str_slv_driver]  : pkt size in  slave i = 28
# UVM_INFO ../ENV/SLAVE_AGENT/axi_str_slv_driver.sv(104) @ 285000: uvm_test_top.slave_uvc.slave_agent[1].slave_drv [AXI_str_slv_driver]  : pkt size in  slave i = 28
# UVM_INFO ../ENV/SLAVE_AGENT/axi_str_slv_driver.sv(104) @ 285000: uvm_test_top.slave_uvc.slave_agent[0].slave_drv [AXI_str_slv_driver]  : pkt size in  slave i = 28
# UVM_INFO ../ENV/SLAVE_AGENT/axi_str_slv_monitor.sv(92) @ 285000: uvm_test_top.slave_uvc.slave_agent[2].slave_mon [AXI_str_slv_mon]  : data : 2831880218 2310762025 2232834082 878980101 1762490126 2398733595 1887245861 2137101312 3725642101 1281214891 32840310 2006688813 424396841
# UVM_INFO ../ENV/SLAVE_AGENT/axi_str_slv_monitor.sv(92) @ 285000: uvm_test_top.slave_uvc.slave_agent[1].slave_mon [AXI_str_slv_mon]  : data : 2831880218 2310762025 2232834082 878980101 1762490126 2398733595 1887245861 2137101312 3725642101 1281214891 32840310 2006688813 424396841
# UVM_INFO ../ENV/SLAVE_AGENT/axi_str_slv_monitor.sv(92) @ 285000: uvm_test_top.slave_uvc.slave_agent[0].slave_mon [AXI_str_slv_mon]  : data : 2831880218 2310762025 2232834082 878980101 1762490126 2398733595 1887245861 2137101312 3725642101 1281214891 32840310 2006688813 424396841
# UVM_INFO ../ENV/MASTER_AGENT/axi_str_mas_driver.sv(125) @ 285000: uvm_test_top.master_uvc.master_agent[0].master_drv [AXI_str_driver]  : n_cycle_dly=0
# UVM_INFO ../ENV/MASTER_AGENT/axi_str_mas_driver.sv(129) @ 285000: uvm_test_top.master_uvc.master_agent[0].master_drv [AXI_str_driver]  : n_cycle_dly=0
# ** Warning: (vsim-PLI-3070) $sformatf : Too many arguments.
#    Time: 285 ns  Iteration: 2  Process: /axi_str_mas_pkg::axi_str_mas_driver #(32, 32)::run_phase/#FORK#56_7fefec265bf File: ../ENV/MASTER_AGENT/axi_str_mas_driver.sv Line: 138
# UVM_INFO ../ENV/MASTER_AGENT/axi_str_mas_driver.sv(138) @ 285000: uvm_test_top.master_uvc.master_agent[0].master_drv [tdata_q_axi_str]  : DEBUG : [13]vif.tdata_q : 451bb4bd
# UVM_INFO ../ENV/MASTER_AGENT/axi_str_mas_monitor.sv(95) @ 285000: uvm_test_top.master_uvc.master_agent[0].master_mon [AXI_str_mon]  : data : 2831880218 2310762025 2232834082 878980101 1762490126 2398733595 1887245861 2137101312 3725642101 1281214891 32840310 2006688813 424396841
# UVM_INFO ../ENV/MASTER_AGENT/axi_str_mas_monitor.sv(95) @ 285000: uvm_test_top.master_uvc.master_agent[1].master_mon [AXI_str_mon]  : data : 2831880218 2310762025 2232834082 878980101 1762490126 2398733595 1887245861 2137101312 3725642101 1281214891 32840310 2006688813 424396841
# UVM_INFO ../ENV/MASTER_AGENT/axi_str_mas_monitor.sv(95) @ 285000: uvm_test_top.master_uvc.master_agent[2].master_mon [AXI_str_mon]  : data : 2831880218 2310762025 2232834082 878980101 1762490126 2398733595 1887245861 2137101312 3725642101 1281214891 32840310 2006688813 424396841
# UVM_INFO ../ENV/SLAVE_AGENT/axi_str_slv_driver.sv(104) @ 295000: uvm_test_top.slave_uvc.slave_agent[0].slave_drv [AXI_str_slv_driver]  : pkt size in  slave i = 29
# UVM_INFO ../ENV/SLAVE_AGENT/axi_str_slv_driver.sv(104) @ 295000: uvm_test_top.slave_uvc.slave_agent[1].slave_drv [AXI_str_slv_driver]  : pkt size in  slave i = 29
# UVM_INFO ../ENV/SLAVE_AGENT/axi_str_slv_driver.sv(104) @ 295000: uvm_test_top.slave_uvc.slave_agent[2].slave_drv [AXI_str_slv_driver]  : pkt size in  slave i = 29
# UVM_INFO ../ENV/SLAVE_AGENT/axi_str_slv_monitor.sv(92) @ 295000: uvm_test_top.slave_uvc.slave_agent[0].slave_mon [AXI_str_slv_mon]  : data : 2831880218 2310762025 2232834082 878980101 1762490126 2398733595 1887245861 2137101312 3725642101 1281214891 32840310 2006688813 424396841 1159443645
# UVM_INFO ../ENV/SLAVE_AGENT/axi_str_slv_monitor.sv(92) @ 295000: uvm_test_top.slave_uvc.slave_agent[1].slave_mon [AXI_str_slv_mon]  : data : 2831880218 2310762025 2232834082 878980101 1762490126 2398733595 1887245861 2137101312 3725642101 1281214891 32840310 2006688813 424396841 1159443645
# UVM_INFO ../ENV/SLAVE_AGENT/axi_str_slv_monitor.sv(92) @ 295000: uvm_test_top.slave_uvc.slave_agent[2].slave_mon [AXI_str_slv_mon]  : data : 2831880218 2310762025 2232834082 878980101 1762490126 2398733595 1887245861 2137101312 3725642101 1281214891 32840310 2006688813 424396841 1159443645
# UVM_INFO ../ENV/MASTER_AGENT/axi_str_mas_driver.sv(125) @ 295000: uvm_test_top.master_uvc.master_agent[0].master_drv [AXI_str_driver]  : n_cycle_dly=0
# UVM_INFO ../ENV/MASTER_AGENT/axi_str_mas_driver.sv(129) @ 295000: uvm_test_top.master_uvc.master_agent[0].master_drv [AXI_str_driver]  : n_cycle_dly=0
# ** Warning: (vsim-PLI-3070) $sformatf : Too many arguments.
#    Time: 295 ns  Iteration: 2  Process: /axi_str_mas_pkg::axi_str_mas_driver #(32, 32)::run_phase/#FORK#56_7fefec265bf File: ../ENV/MASTER_AGENT/axi_str_mas_driver.sv Line: 138
# UVM_INFO ../ENV/MASTER_AGENT/axi_str_mas_driver.sv(138) @ 295000: uvm_test_top.master_uvc.master_agent[0].master_drv [tdata_q_axi_str] ' : DEBUG : [14]vif.tdata_q : 123a1091
# UVM_INFO ../ENV/MASTER_AGENT/axi_str_mas_monitor.sv(95) @ 295000: uvm_test_top.master_uvc.master_agent[2].master_mon [AXI_str_mon]  : data : 2831880218 2310762025 2232834082 878980101 1762490126 2398733595 1887245861 2137101312 3725642101 1281214891 32840310 2006688813 424396841 1159443645
# UVM_INFO ../ENV/MASTER_AGENT/axi_str_mas_monitor.sv(95) @ 295000: uvm_test_top.master_uvc.master_agent[1].master_mon [AXI_str_mon]  : data : 2831880218 2310762025 2232834082 878980101 1762490126 2398733595 1887245861 2137101312 3725642101 1281214891 32840310 2006688813 424396841 1159443645
# UVM_INFO ../ENV/MASTER_AGENT/axi_str_mas_monitor.sv(95) @ 295000: uvm_test_top.master_uvc.master_agent[0].master_mon [AXI_str_mon]  : data : 2831880218 2310762025 2232834082 878980101 1762490126 2398733595 1887245861 2137101312 3725642101 1281214891 32840310 2006688813 424396841 1159443645
# UVM_INFO ../ENV/SLAVE_AGENT/axi_str_slv_driver.sv(104) @ 305000: uvm_test_top.slave_uvc.slave_agent[2].slave_drv [AXI_str_slv_driver]  : pkt size in  slave i = 30
# UVM_INFO ../ENV/SLAVE_AGENT/axi_str_slv_driver.sv(104) @ 305000: uvm_test_top.slave_uvc.slave_agent[1].slave_drv [AXI_str_slv_driver]  : pkt size in  slave i = 30
# UVM_INFO ../ENV/SLAVE_AGENT/axi_str_slv_driver.sv(104) @ 305000: uvm_test_top.slave_uvc.slave_agent[0].slave_drv [AXI_str_slv_driver]  : pkt size in  slave i = 30
# UVM_INFO ../ENV/SLAVE_AGENT/axi_str_slv_monitor.sv(92) @ 305000: uvm_test_top.slave_uvc.slave_agent[2].slave_mon [AXI_str_slv_mon]  : data : 2831880218 2310762025 2232834082 878980101 1762490126 2398733595 1887245861 2137101312 3725642101 1281214891 32840310 2006688813 424396841 1159443645 305795217
# UVM_INFO ../ENV/SLAVE_AGENT/axi_str_slv_monitor.sv(92) @ 305000: uvm_test_top.slave_uvc.slave_agent[1].slave_mon [AXI_str_slv_mon]  : data : 2831880218 2310762025 2232834082 878980101 1762490126 2398733595 1887245861 2137101312 3725642101 1281214891 32840310 2006688813 424396841 1159443645 305795217
# UVM_INFO ../ENV/SLAVE_AGENT/axi_str_slv_monitor.sv(92) @ 305000: uvm_test_top.slave_uvc.slave_agent[0].slave_mon [AXI_str_slv_mon]  : data : 2831880218 2310762025 2232834082 878980101 1762490126 2398733595 1887245861 2137101312 3725642101 1281214891 32840310 2006688813 424396841 1159443645 305795217
# UVM_INFO ../ENV/MASTER_AGENT/axi_str_mas_driver.sv(125) @ 305000: uvm_test_top.master_uvc.master_agent[0].master_drv [AXI_str_driver]  : n_cycle_dly=0
# UVM_INFO ../ENV/MASTER_AGENT/axi_str_mas_driver.sv(129) @ 305000: uvm_test_top.master_uvc.master_agent[0].master_drv [AXI_str_driver]  : n_cycle_dly=0
# ** Warning: (vsim-PLI-3070) $sformatf : Too many arguments.
#    Time: 305 ns  Iteration: 2  Process: /axi_str_mas_pkg::axi_str_mas_driver #(32, 32)::run_phase/#FORK#56_7fefec265bf File: ../ENV/MASTER_AGENT/axi_str_mas_driver.sv Line: 138
# UVM_INFO ../ENV/MASTER_AGENT/axi_str_mas_driver.sv(138) @ 305000: uvm_test_top.master_uvc.master_agent[0].master_drv [tdata_q_axi_str] 1 : DEBUG : [15]vif.tdata_q : 3d0b777
# UVM_INFO ../ENV/MASTER_AGENT/axi_str_mas_monitor.sv(95) @ 305000: uvm_test_top.master_uvc.master_agent[0].master_mon [AXI_str_mon]  : data : 2831880218 2310762025 2232834082 878980101 1762490126 2398733595 1887245861 2137101312 3725642101 1281214891 32840310 2006688813 424396841 1159443645 305795217
# UVM_INFO ../ENV/MASTER_AGENT/axi_str_mas_monitor.sv(95) @ 305000: uvm_test_top.master_uvc.master_agent[1].master_mon [AXI_str_mon]  : data : 2831880218 2310762025 2232834082 878980101 1762490126 2398733595 1887245861 2137101312 3725642101 1281214891 32840310 2006688813 424396841 1159443645 305795217
# UVM_INFO ../ENV/MASTER_AGENT/axi_str_mas_monitor.sv(95) @ 305000: uvm_test_top.master_uvc.master_agent[2].master_mon [AXI_str_mon]  : data : 2831880218 2310762025 2232834082 878980101 1762490126 2398733595 1887245861 2137101312 3725642101 1281214891 32840310 2006688813 424396841 1159443645 305795217
# UVM_INFO ../ENV/SLAVE_AGENT/axi_str_slv_driver.sv(104) @ 315000: uvm_test_top.slave_uvc.slave_agent[0].slave_drv [AXI_str_slv_driver]  : pkt size in  slave i = 31
# UVM_INFO ../ENV/SLAVE_AGENT/axi_str_slv_driver.sv(104) @ 315000: uvm_test_top.slave_uvc.slave_agent[1].slave_drv [AXI_str_slv_driver]  : pkt size in  slave i = 31
# UVM_INFO ../ENV/SLAVE_AGENT/axi_str_slv_driver.sv(104) @ 315000: uvm_test_top.slave_uvc.slave_agent[2].slave_drv [AXI_str_slv_driver]  : pkt size in  slave i = 31
# UVM_INFO ../ENV/SLAVE_AGENT/axi_str_slv_monitor.sv(92) @ 315000: uvm_test_top.slave_uvc.slave_agent[0].slave_mon [AXI_str_slv_mon]  : data : 2831880218 2310762025 2232834082 878980101 1762490126 2398733595 1887245861 2137101312 3725642101 1281214891 32840310 2006688813 424396841 1159443645 305795217 64010103
# UVM_INFO ../ENV/SLAVE_AGENT/axi_str_slv_monitor.sv(92) @ 315000: uvm_test_top.slave_uvc.slave_agent[1].slave_mon [AXI_str_slv_mon]  : data : 2831880218 2310762025 2232834082 878980101 1762490126 2398733595 1887245861 2137101312 3725642101 1281214891 32840310 2006688813 424396841 1159443645 305795217 64010103
# UVM_INFO ../ENV/SLAVE_AGENT/axi_str_slv_monitor.sv(92) @ 315000: uvm_test_top.slave_uvc.slave_agent[2].slave_mon [AXI_str_slv_mon]  : data : 2831880218 2310762025 2232834082 878980101 1762490126 2398733595 1887245861 2137101312 3725642101 1281214891 32840310 2006688813 424396841 1159443645 305795217 64010103
# UVM_INFO ../ENV/MASTER_AGENT/axi_str_mas_driver.sv(125) @ 315000: uvm_test_top.master_uvc.master_agent[0].master_drv [AXI_str_driver]  : n_cycle_dly=0
# UVM_INFO ../ENV/MASTER_AGENT/axi_str_mas_driver.sv(129) @ 315000: uvm_test_top.master_uvc.master_agent[0].master_drv [AXI_str_driver]  : n_cycle_dly=0
# ** Warning: (vsim-PLI-3070) $sformatf : Too many arguments.
#    Time: 315 ns  Iteration: 2  Process: /axi_str_mas_pkg::axi_str_mas_driver #(32, 32)::run_phase/#FORK#56_7fefec265bf File: ../ENV/MASTER_AGENT/axi_str_mas_driver.sv Line: 138
# UVM_INFO ../ENV/MASTER_AGENT/axi_str_mas_driver.sv(138) @ 315000: uvm_test_top.master_uvc.master_agent[0].master_drv [tdata_q_axi_str] ; : DEBUG : [16]vif.tdata_q : cddbb9
# UVM_INFO ../ENV/MASTER_AGENT/axi_str_mas_monitor.sv(95) @ 315000: uvm_test_top.master_uvc.master_agent[2].master_mon [AXI_str_mon]  : data : 2831880218 2310762025 2232834082 878980101 1762490126 2398733595 1887245861 2137101312 3725642101 1281214891 32840310 2006688813 424396841 1159443645 305795217 64010103
# UVM_INFO ../ENV/MASTER_AGENT/axi_str_mas_monitor.sv(95) @ 315000: uvm_test_top.master_uvc.master_agent[1].master_mon [AXI_str_mon]  : data : 2831880218 2310762025 2232834082 878980101 1762490126 2398733595 1887245861 2137101312 3725642101 1281214891 32840310 2006688813 424396841 1159443645 305795217 64010103
# UVM_INFO ../ENV/MASTER_AGENT/axi_str_mas_monitor.sv(95) @ 315000: uvm_test_top.master_uvc.master_agent[0].master_mon [AXI_str_mon]  : data : 2831880218 2310762025 2232834082 878980101 1762490126 2398733595 1887245861 2137101312 3725642101 1281214891 32840310 2006688813 424396841 1159443645 305795217 64010103
# UVM_INFO ../ENV/SLAVE_AGENT/axi_str_slv_driver.sv(104) @ 325000: uvm_test_top.slave_uvc.slave_agent[2].slave_drv [AXI_str_slv_driver]  : pkt size in  slave i = 32
# UVM_INFO ../ENV/SLAVE_AGENT/axi_str_slv_driver.sv(106) @ 325000: uvm_test_top.slave_uvc.slave_agent[2].slave_drv [AXI_str_slv_driver]  : TLAST is asserted
# UVM_INFO ../ENV/SLAVE_AGENT/axi_str_slv_driver.sv(104) @ 325000: uvm_test_top.slave_uvc.slave_agent[1].slave_drv [AXI_str_slv_driver]  : pkt size in  slave i = 32
# UVM_INFO ../ENV/SLAVE_AGENT/axi_str_slv_driver.sv(106) @ 325000: uvm_test_top.slave_uvc.slave_agent[1].slave_drv [AXI_str_slv_driver]  : TLAST is asserted
# UVM_INFO ../ENV/SLAVE_AGENT/axi_str_slv_driver.sv(104) @ 325000: uvm_test_top.slave_uvc.slave_agent[0].slave_drv [AXI_str_slv_driver]  : pkt size in  slave i = 32
# UVM_INFO ../ENV/SLAVE_AGENT/axi_str_slv_driver.sv(106) @ 325000: uvm_test_top.slave_uvc.slave_agent[0].slave_drv [AXI_str_slv_driver]  : TLAST is asserted
# UVM_INFO ../ENV/SLAVE_AGENT/axi_str_slv_monitor.sv(92) @ 325000: uvm_test_top.slave_uvc.slave_agent[2].slave_mon [AXI_str_slv_mon]  : data : 2831880218 2310762025 2232834082 878980101 1762490126 2398733595 1887245861 2137101312 3725642101 1281214891 32840310 2006688813 424396841 1159443645 305795217 64010103 13491129
# UVM_INFO ../ENV/SLAVE_AGENT/axi_str_slv_monitor.sv(128) @ 325000: uvm_test_top.slave_uvc.slave_agent[2].slave_mon [SLV_COLLECT_PKT_TIME]  : pkt_end_time_ps =325000.000000, pkt_end_time_prev_ps = 155000.000000, pkt_end_time_diff_ps = 170000.000000
# UVM_INFO ../ENV/SLAVE_AGENT/axi_str_slv_monitor.sv(103) @ 325000: uvm_test_top.slave_uvc.slave_agent[2].slave_mon [COLLECT_PKT] data monitoring is : -----------------------------------------------------------
# Name                 Type               Size  Value        
# -----------------------------------------------------------
# sampled_pkt_q[2]     uvm_sequence_item  -     @1418        
#   pkt_start_time_ps  real               64    165000.000000
#   pkt_end_time_ps    real               64    325000.000000
#   pkt_len            integral           32    'd17         
#   tdata_q            da(integral)       17    -            
#     [0]              integral           32    'ha8cb101a   
#     [1]              integral           32    'h89bb6e29   
#     [2]              integral           32    'h85165822   
#     [3]              integral           32    'h34642c05   
#     [4]              integral           32    'h690d770e   
#     ...              ...                ...   ...          
#     [12]             integral           32    'h194bc829   
#     [13]             integral           32    'h451bb4bd   
#     [14]             integral           32    'h123a1091   
#     [15]             integral           32    'h3d0b777    
#     [16]             integral           32    'hcddbb9     
#   tkeep_q            da(integral)       17    -            
#     [0]              integral           4     'hf          
#     [1]              integral           4     'hf          
#     [2]              integral           4     'hf          
#     [3]              integral           4     'hf          
#     [4]              integral           4     'hf          
#     ...              ...                ...   ...          
#     [12]             integral           4     'hf          
#     [13]             integral           4     'hf          
#     [14]             integral           4     'hf          
#     [15]             integral           4     'hf          
#     [16]             integral           4     'h3          
#   tuser              integral           32    'ha28086e3   
# -----------------------------------------------------------
# 
# UVM_INFO ../ENV/SLAVE_AGENT/axi_str_slv_monitor.sv(92) @ 325000: uvm_test_top.slave_uvc.slave_agent[1].slave_mon [AXI_str_slv_mon]  : data : 2831880218 2310762025 2232834082 878980101 1762490126 2398733595 1887245861 2137101312 3725642101 1281214891 32840310 2006688813 424396841 1159443645 305795217 64010103 13491129
# UVM_INFO ../ENV/SLAVE_AGENT/axi_str_slv_monitor.sv(128) @ 325000: uvm_test_top.slave_uvc.slave_agent[1].slave_mon [SLV_COLLECT_PKT_TIME]  : pkt_end_time_ps =325000.000000, pkt_end_time_prev_ps = 155000.000000, pkt_end_time_diff_ps = 170000.000000
# UVM_INFO ../ENV/SLAVE_AGENT/axi_str_slv_monitor.sv(103) @ 325000: uvm_test_top.slave_uvc.slave_agent[1].slave_mon [COLLECT_PKT] data monitoring is : -----------------------------------------------------------
# Name                 Type               Size  Value        
# -----------------------------------------------------------
# sampled_pkt_q[2]     uvm_sequence_item  -     @1414        
#   pkt_start_time_ps  real               64    165000.000000
#   pkt_end_time_ps    real               64    325000.000000
#   pkt_len            integral           32    'd17         
#   tdata_q            da(integral)       17    -            
#     [0]              integral           32    'ha8cb101a   
#     [1]              integral           32    'h89bb6e29   
#     [2]              integral           32    'h85165822   
#     [3]              integral           32    'h34642c05   
#     [4]              integral           32    'h690d770e   
#     ...              ...                ...   ...          
#     [12]             integral           32    'h194bc829   
#     [13]             integral           32    'h451bb4bd   
#     [14]             integral           32    'h123a1091   
#     [15]             integral           32    'h3d0b777    
#     [16]             integral           32    'hcddbb9     
#   tkeep_q            da(integral)       17    -            
#     [0]              integral           4     'hf          
#     [1]              integral           4     'hf          
#     [2]              integral           4     'hf          
#     [3]              integral           4     'hf          
#     [4]              integral           4     'hf          
#     ...              ...                ...   ...          
#     [12]             integral           4     'hf          
#     [13]             integral           4     'hf          
#     [14]             integral           4     'hf          
#     [15]             integral           4     'hf          
#     [16]             integral           4     'h3          
#   tuser              integral           32    'ha28086e3   
# -----------------------------------------------------------
# 
# UVM_INFO ../ENV/SLAVE_AGENT/axi_str_slv_monitor.sv(92) @ 325000: uvm_test_top.slave_uvc.slave_agent[0].slave_mon [AXI_str_slv_mon]  : data : 2831880218 2310762025 2232834082 878980101 1762490126 2398733595 1887245861 2137101312 3725642101 1281214891 32840310 2006688813 424396841 1159443645 305795217 64010103 13491129
# UVM_INFO ../ENV/SLAVE_AGENT/axi_str_slv_monitor.sv(128) @ 325000: uvm_test_top.slave_uvc.slave_agent[0].slave_mon [SLV_COLLECT_PKT_TIME]  : pkt_end_time_ps =325000.000000, pkt_end_time_prev_ps = 155000.000000, pkt_end_time_diff_ps = 170000.000000
# UVM_INFO ../ENV/SLAVE_AGENT/axi_str_slv_monitor.sv(103) @ 325000: uvm_test_top.slave_uvc.slave_agent[0].slave_mon [COLLECT_PKT] data monitoring is : -----------------------------------------------------------
# Name                 Type               Size  Value        
# -----------------------------------------------------------
# sampled_pkt_q[2]     uvm_sequence_item  -     @1410        
#   pkt_start_time_ps  real               64    165000.000000
#   pkt_end_time_ps    real               64    325000.000000
#   pkt_len            integral           32    'd17         
#   tdata_q            da(integral)       17    -            
#     [0]              integral           32    'ha8cb101a   
#     [1]              integral           32    'h89bb6e29   
#     [2]              integral           32    'h85165822   
#     [3]              integral           32    'h34642c05   
#     [4]              integral           32    'h690d770e   
#     ...              ...                ...   ...          
#     [12]             integral           32    'h194bc829   
#     [13]             integral           32    'h451bb4bd   
#     [14]             integral           32    'h123a1091   
#     [15]             integral           32    'h3d0b777    
#     [16]             integral           32    'hcddbb9     
#   tkeep_q            da(integral)       17    -            
#     [0]              integral           4     'hf          
#     [1]              integral           4     'hf          
#     [2]              integral           4     'hf          
#     [3]              integral           4     'hf          
#     [4]              integral           4     'hf          
#     ...              ...                ...   ...          
#     [12]             integral           4     'hf          
#     [13]             integral           4     'hf          
#     [14]             integral           4     'hf          
#     [15]             integral           4     'hf          
#     [16]             integral           4     'h3          
#   tuser              integral           32    'ha28086e3   
# -----------------------------------------------------------
# 
# UVM_INFO ../ENV/MASTER_AGENT/axi_str_mas_monitor.sv(95) @ 325000: uvm_test_top.master_uvc.master_agent[0].master_mon [AXI_str_mon]  : data : 2831880218 2310762025 2232834082 878980101 1762490126 2398733595 1887245861 2137101312 3725642101 1281214891 32840310 2006688813 424396841 1159443645 305795217 64010103 13491129
# UVM_INFO ../ENV/MASTER_AGENT/axi_str_mas_monitor.sv(133) @ 325000: uvm_test_top.master_uvc.master_agent[0].master_mon [COLLECT_PKT_TIME]  : pkt_end_time_ps =325000.000000, pkt_end_time_prev_ps = 155000.000000, pkt_end_time_diff_ps = 170000.000000
# UVM_INFO ../ENV/MASTER_AGENT/axi_str_mas_monitor.sv(109) @ 325000: uvm_test_top.master_uvc.master_agent[0].master_mon [COLLECT_PKT] data monitoring is : -----------------------------------------------------------
# Name                 Type               Size  Value        
# -----------------------------------------------------------
# sampled_pkt_q[2]     uvm_sequence_item  -     @1430        
#   pkt_start_time_ps  real               64    165000.000000
#   pkt_end_time_ps    real               64    325000.000000
#   total_bytes        integral           32    'd0          
#   no_of_bytes        integral           32    'd0          
#   pkt_len            integral           32    'd17         
#   pkt_num            integral           32    'h3          
#   tdata_q            da(integral)       17    -            
#     [0]              integral           32    'ha8cb101a   
#     [1]              integral           32    'h89bb6e29   
#     [2]              integral           32    'h85165822   
#     [3]              integral           32    'h34642c05   
#     [4]              integral           32    'h690d770e   
#     ...              ...                ...   ...          
#     [12]             integral           32    'h194bc829   
#     [13]             integral           32    'h451bb4bd   
#     [14]             integral           32    'h123a1091   
#     [15]             integral           32    'h3d0b777    
#     [16]             integral           32    'hcddbb9     
#   tkeep_q            da(integral)       17    -            
#     [0]              integral           4     'hf          
#     [1]              integral           4     'hf          
#     [2]              integral           4     'hf          
#     [3]              integral           4     'hf          
#     [4]              integral           4     'hf          
#     ...              ...                ...   ...          
#     [12]             integral           4     'hf          
#     [13]             integral           4     'hf          
#     [14]             integral           4     'hf          
#     [15]             integral           4     'hf          
#     [16]             integral           4     'h3          
#   tuser              integral           32    'ha28086e3   
# -----------------------------------------------------------
# 
# UVM_INFO ../ENV/MASTER_AGENT/axi_str_mas_monitor.sv(95) @ 325000: uvm_test_top.master_uvc.master_agent[1].master_mon [AXI_str_mon]  : data : 2831880218 2310762025 2232834082 878980101 1762490126 2398733595 1887245861 2137101312 3725642101 1281214891 32840310 2006688813 424396841 1159443645 305795217 64010103 13491129
# UVM_INFO ../ENV/MASTER_AGENT/axi_str_mas_monitor.sv(133) @ 325000: uvm_test_top.master_uvc.master_agent[1].master_mon [COLLECT_PKT_TIME]  : pkt_end_time_ps =325000.000000, pkt_end_time_prev_ps = 155000.000000, pkt_end_time_diff_ps = 170000.000000
# UVM_INFO ../ENV/MASTER_AGENT/axi_str_mas_monitor.sv(109) @ 325000: uvm_test_top.master_uvc.master_agent[1].master_mon [COLLECT_PKT] data monitoring is : -----------------------------------------------------------
# Name                 Type               Size  Value        
# -----------------------------------------------------------
# sampled_pkt_q[2]     uvm_sequence_item  -     @1426        
#   pkt_start_time_ps  real               64    165000.000000
#   pkt_end_time_ps    real               64    325000.000000
#   total_bytes        integral           32    'd0          
#   no_of_bytes        integral           32    'd0          
#   pkt_len            integral           32    'd17         
#   pkt_num            integral           32    'h3          
#   tdata_q            da(integral)       17    -            
#     [0]              integral           32    'ha8cb101a   
#     [1]              integral           32    'h89bb6e29   
#     [2]              integral           32    'h85165822   
#     [3]              integral           32    'h34642c05   
#     [4]              integral           32    'h690d770e   
#     ...              ...                ...   ...          
#     [12]             integral           32    'h194bc829   
#     [13]             integral           32    'h451bb4bd   
#     [14]             integral           32    'h123a1091   
#     [15]             integral           32    'h3d0b777    
#     [16]             integral           32    'hcddbb9     
#   tkeep_q            da(integral)       17    -            
#     [0]              integral           4     'hf          
#     [1]              integral           4     'hf          
#     [2]              integral           4     'hf          
#     [3]              integral           4     'hf          
#     [4]              integral           4     'hf          
#     ...              ...                ...   ...          
#     [12]             integral           4     'hf          
#     [13]             integral           4     'hf          
#     [14]             integral           4     'hf          
#     [15]             integral           4     'hf          
#     [16]             integral           4     'h3          
#   tuser              integral           32    'ha28086e3   
# -----------------------------------------------------------
# 
# UVM_INFO ../ENV/MASTER_AGENT/axi_str_mas_monitor.sv(95) @ 325000: uvm_test_top.master_uvc.master_agent[2].master_mon [AXI_str_mon]  : data : 2831880218 2310762025 2232834082 878980101 1762490126 2398733595 1887245861 2137101312 3725642101 1281214891 32840310 2006688813 424396841 1159443645 305795217 64010103 13491129
# UVM_INFO ../ENV/MASTER_AGENT/axi_str_mas_monitor.sv(133) @ 325000: uvm_test_top.master_uvc.master_agent[2].master_mon [COLLECT_PKT_TIME]  : pkt_end_time_ps =325000.000000, pkt_end_time_prev_ps = 155000.000000, pkt_end_time_diff_ps = 170000.000000
# UVM_INFO ../ENV/MASTER_AGENT/axi_str_mas_monitor.sv(109) @ 325000: uvm_test_top.master_uvc.master_agent[2].master_mon [COLLECT_PKT] data monitoring is : -----------------------------------------------------------
# Name                 Type               Size  Value        
# -----------------------------------------------------------
# sampled_pkt_q[2]     uvm_sequence_item  -     @1422        
#   pkt_start_time_ps  real               64    165000.000000
#   pkt_end_time_ps    real               64    325000.000000
#   total_bytes        integral           32    'd0          
#   no_of_bytes        integral           32    'd0          
#   pkt_len            integral           32    'd17         
#   pkt_num            integral           32    'h3          
#   tdata_q            da(integral)       17    -            
#     [0]              integral           32    'ha8cb101a   
#     [1]              integral           32    'h89bb6e29   
#     [2]              integral           32    'h85165822   
#     [3]              integral           32    'h34642c05   
#     [4]              integral           32    'h690d770e   
#     ...              ...                ...   ...          
#     [12]             integral           32    'h194bc829   
#     [13]             integral           32    'h451bb4bd   
#     [14]             integral           32    'h123a1091   
#     [15]             integral           32    'h3d0b777    
#     [16]             integral           32    'hcddbb9     
#   tkeep_q            da(integral)       17    -            
#     [0]              integral           4     'hf          
#     [1]              integral           4     'hf          
#     [2]              integral           4     'hf          
#     [3]              integral           4     'hf          
#     [4]              integral           4     'hf          
#     ...              ...                ...   ...          
#     [12]             integral           4     'hf          
#     [13]             integral           4     'hf          
#     [14]             integral           4     'hf          
#     [15]             integral           4     'hf          
#     [16]             integral           4     'h3          
#   tuser              integral           32    'ha28086e3   
# -----------------------------------------------------------
# 
#               355000 we are in  master
# UVM_INFO verilog_src/uvm-1.1d/src/base/uvm_objection.svh(1243) @ 355000: reporter [TEST_DONE] All end-of-test objections have been dropped. Calling stop tasks
# UVM_INFO verilog_src/uvm-1.1d/src/base/uvm_objection.svh(1267) @ 355000: reporter [TEST_DONE] 'run' phase is ready to proceed to the 'extract' phase
# UVM_INFO verilog_src/uvm-1.1d/src/base/uvm_phase.svh(1199) @ 355000: reporter [PH/TRC/EXE/ALLDROP] Phase 'common.run' (id=93) PHASE EXIT ALL_DROPPED
# UVM_INFO verilog_src/uvm-1.1d/src/base/uvm_phase.svh(1215) @ 355000: reporter [PH_READY_TO_END] Phase 'common.run' (id=93) PHASE READY TO END
# UVM_INFO verilog_src/uvm-1.1d/src/base/uvm_phase.svh(1215) @ 355000: reporter [PH_READY_TO_END] Phase 'uvm.uvm_sched.post_shutdown' (id=304) PHASE READY TO END
# 
# --- UVM Report Summary ---
# 
# ** Report counts by severity
# UVM_INFO :  501
# UVM_WARNING :    0
# UVM_ERROR :    0
# UVM_FATAL :    0
# ** Report counts by id
# [AXI_str_driver]    62
# [AXI_str_mon]    93
# [AXI_str_slv_driver]   105
# [AXI_str_slv_mon]    93
# [COLLECT_PKT]    18
# [COLLECT_PKT_TIME]    18
# [PH/TRC/EXE/ALLDROP]     1
# [PHASESEQ]    39
# [PH_READY_TO_END]    13
# [Questa UVM]     3
# [RNTST]     1
# [SLV_COLLECT_PKT_TIME]    18
# [TEST_DONE]     2
# [UVMTOP]     1
# [tdata_q_axi_str]    31
# [uvm_test_top.master_uvc.master_agent[0].master_drv]     3
# ** Note: $finish    : /tools/mentor/questa/2023.4/questasim/linux_x86_64/../verilog_src/uvm-1.1d/src/base/uvm_root.svh(430)
#    Time: 355 ns  Iteration: 54  Instance: /axi_str_top
# End time: 17:08:28 on Oct 13,2025, Elapsed time: 0:00:08
# Errors: 3, Warnings: 34
